"","CKU1","CKU3","CKU4","CKU5","CKU2","CLU1","CLU2","CLU3","CLU4","CLU5","JPU1","JPU2","JPU3","JPU4","JPU5","MHU1","MHU2","MHU3","MHU4","MHU5","YMU1","YMU2","YMU3","YMU4","YMU5"
"OTU109.g__Glomus",2,2,0,0,0,0,0,0,0,0,0,0,0,1,0,0,0,0,0,0,0,0,4,0,10
"OTU375.g__Glomus",0,0,6,0,8,0,0,0,1,0,0,0,0,0,0,0,0,0,0,0,0,0,0,0,0
"OTU3.g__Glomus",87,95,113,94,305,251,433,57,145,610,200,693,481,116,600,294,397,36,97,180,87,98,75,261,135
"OTU618.g__Glomus",0,0,5,0,0,0,0,0,0,4,0,1,0,0,0,0,0,0,0,0,0,0,0,0,0
"OTU11.g__Glomus",12,7,13,30,36,17,35,16,15,128,52,13,17,9,13,22,57,5,80,59,110,49,257,20,6
"OTU596.g__Acaulospora",0,0,0,0,0,2,0,0,0,0,0,0,0,0,0,0,0,0,0,0,0,0,0,0,0
"OTU345.g__Glomus",0,0,0,0,1,0,0,0,0,0,0,0,0,0,0,0,0,0,0,0,0,4,0,1,0
"OTU617.g__Acaulospora",0,0,0,0,0,0,0,0,0,0,0,0,0,0,0,0,0,0,0,0,0,0,0,0,0
"OTU622.g__Paraglomus",0,0,0,0,0,0,0,0,0,0,0,0,0,0,1,0,0,0,3,0,0,0,0,0,0
"OTU406.g__Paraglomus",0,0,0,0,0,0,0,0,4,0,0,1,0,4,0,0,0,0,0,0,0,0,0,0,0
"OTU18.g__Glomus",148,147,96,170,163,88,73,144,529,142,119,77,143,78,472,954,814,2053,1126,300,138,18,159,180,18
"OTU751.g__Glomus",0,0,0,0,0,0,0,0,0,0,0,0,0,0,0,0,0,0,1,0,0,0,0,0,0
"OTU475.g__Glomus",0,0,0,0,0,2,0,0,0,0,0,0,0,6,0,0,0,0,0,0,0,0,0,0,0
"OTU184.g__Glomus",3,2,0,1,1,0,1,0,1,0,5,0,2,1,0,2,8,2,2,0,3,9,4,2,1
"OTU259.g__Glomus",0,0,0,0,5,0,0,0,0,5,0,0,0,0,0,0,0,0,0,0,0,0,1,0,0
"OTU298.g__Glomus",0,0,0,0,0,0,0,0,0,0,0,0,0,0,0,5,0,0,0,0,0,0,0,0,0
"OTU377.g__Glomus",0,0,0,0,0,0,1,0,0,0,0,0,0,0,0,0,0,0,0,0,0,0,0,0,2
"OTU198.g__Glomus",0,0,3,0,0,0,0,0,0,0,0,0,0,0,0,0,1,0,0,0,0,1,0,0,0
"OTU214.g__Glomus",0,0,0,0,0,0,0,1,0,0,0,0,0,0,0,0,0,3,0,0,0,0,0,0,4
"OTU684.g__Glomus",0,0,0,0,0,0,0,0,0,0,0,0,0,0,0,0,0,0,0,0,0,3,0,0,0
"OTU28.g__Glomus",1,2,2,8,11,18,52,10,35,44,31,73,3,3,60,10,4,1,2,11,5,4,0,4,7
"OTU192.g__Glomus",7,10,1,0,0,0,0,0,0,0,0,0,0,0,0,0,0,0,0,0,1,0,0,0,0
"OTU257.g__Glomus",0,0,0,0,0,0,0,0,0,0,0,0,0,0,0,0,0,0,0,0,0,0,0,0,0
"OTU265.g__Glomus",20,0,2,1,0,7,2,0,0,0,4,0,0,1,0,10,0,0,4,4,0,2,0,0,0
"OTU533.g__Glomus",0,0,0,0,0,0,0,0,0,0,0,3,0,0,0,0,0,0,0,0,0,0,0,0,0
"OTU723.g__Glomus",0,0,0,0,0,0,0,0,0,4,0,0,0,0,0,0,0,0,0,0,0,0,0,0,0
"OTU409.g__Glomus",0,1,0,0,0,0,0,0,0,0,0,0,0,0,0,0,0,0,0,0,0,0,0,0,0
"OTU122.g__Paraglomus",0,0,0,2,0,0,0,0,0,0,0,0,0,0,0,0,0,0,1,0,0,5,0,0,0
"OTU166.g__Paraglomus",0,0,7,0,0,16,0,0,1,0,0,0,0,0,1,2,0,0,0,0,1,1,0,0,0
"OTU260.g__Paraglomus",0,0,0,0,4,0,0,0,0,0,3,0,0,0,0,0,0,0,0,0,0,0,0,0,0
"OTU600.g__Paraglomus",0,0,0,0,0,0,0,0,0,0,0,0,0,1,0,0,0,0,0,0,0,0,0,0,0
"OTU95.g__Claroideoglomus",0,3,7,0,8,26,7,0,17,7,2,2,0,0,6,0,0,11,4,2,2,3,1,0,0
"OTU432.g__Glomus",0,0,0,0,0,0,0,0,0,0,0,0,0,0,0,0,0,0,0,0,0,0,0,0,0
"OTU279.g__Archaeospora",0,0,0,0,2,0,0,0,0,0,0,0,0,1,0,0,0,0,0,0,0,0,0,0,0
"OTU297.g__Archaeospora",0,0,14,0,0,0,0,0,0,0,0,0,0,0,0,0,0,0,0,0,0,0,0,0,0
"OTU421.g__Archaeospora",0,0,0,0,0,0,1,0,0,0,0,0,1,1,0,0,0,0,0,0,0,0,0,0,1
"OTU459.g__Archaeospora",0,0,0,0,0,0,0,0,0,0,0,0,0,0,0,0,0,0,0,0,0,0,0,0,0
"OTU673.g__Archaeospora",0,0,0,0,0,0,0,0,0,0,0,0,0,0,0,0,0,0,0,0,0,0,0,0,0
"OTU180.g__Archaeospora",0,0,0,44,0,0,0,0,0,0,0,0,0,0,0,0,0,0,0,0,0,0,0,0,0
"OTU493.g__Glomus",0,0,0,0,0,0,0,0,0,0,0,0,0,0,0,0,0,0,0,0,0,0,0,0,0
"OTU558.g__Ambispora",0,0,0,0,0,0,0,0,0,0,0,0,0,0,0,0,0,0,0,0,0,0,0,0,0
"OTU637.g__Ambispora",0,0,0,0,0,0,0,0,0,0,0,0,0,0,0,0,1,0,0,0,0,0,0,0,0
"OTU731.g__Ambispora",0,0,0,0,0,0,0,0,0,0,0,0,0,0,0,0,0,0,0,0,0,0,0,0,0
"OTU595.g__Ambispora",0,0,0,0,0,0,0,0,0,0,0,0,0,0,0,0,0,0,0,0,0,0,0,0,0
"OTU149.g__Glomus",0,4,5,0,0,0,0,0,1,0,3,0,4,1,0,0,0,1,0,0,0,0,0,0,0
"OTU220.g__Glomus",0,6,0,0,0,0,0,0,0,0,0,0,0,0,0,0,0,0,0,0,0,0,0,0,0
"OTU303.g__Glomus",0,0,0,0,0,0,0,0,0,0,0,0,0,0,0,0,0,0,0,0,0,0,0,0,0
"OTU62.g__Paraglomus",0,0,0,2,0,0,0,0,0,1,0,1,41,0,2,0,0,0,0,0,0,0,0,0,0
"OTU165.g__Paraglomus",1,2,0,0,0,0,0,0,1,0,0,0,0,0,0,0,0,0,0,0,0,0,0,0,0
"OTU117.g__Claroideoglomus",0,0,0,0,0,0,2,0,0,1,0,0,0,0,0,0,0,0,0,0,0,0,0,0,0
"OTU13.g__Glomus",232,18,91,38,49,163,145,191,44,100,598,62,169,7,17,27,69,81,69,20,55,46,11,19,15
"OTU568.g__Glomus",0,0,1,0,0,0,0,0,0,1,0,0,0,0,0,0,0,0,0,0,0,0,0,0,0
"OTU335.g__Glomus",28,14,28,51,39,24,82,348,164,22,78,13,114,84,21,2,256,477,2,175,14,11,1,20,4
"OTU737.g__Ambispora",0,0,1,22,0,0,0,0,0,0,0,0,0,0,0,0,0,0,0,0,0,0,0,0,0
"OTU25.g__Claroideoglomus",18,9,28,21,68,13,15,8,9,12,6,7,10,3,9,2,0,4,20,11,4,140,2,1,2
"OTU415.g__Claroideoglomus",0,0,46,0,0,0,0,2,0,24,1,0,0,0,0,0,0,0,0,0,0,0,0,0,0
"OTU588.g__Glomus",54,23,83,62,108,284,168,17,94,285,78,351,536,143,289,28,156,29,65,84,56,64,19,57,41
"OTU382.g__Claroideoglomus",0,0,0,0,0,29,0,0,0,0,0,0,1,0,20,0,0,0,0,0,0,0,0,0,0
"OTU201.g__Glomus",0,0,0,1,0,0,0,0,0,0,0,1,0,0,2,0,0,0,0,0,0,0,0,0,0
"OTU252.g__Glomus",0,0,0,4,0,0,0,0,0,0,0,0,0,0,0,0,0,2,0,0,0,0,0,0,0
"OTU497.g__Glomus",0,0,0,0,0,0,0,0,1,0,0,0,0,0,0,0,0,0,0,0,0,0,0,0,0
"OTU580.g__Glomus",0,0,0,0,0,0,0,0,0,0,0,0,0,0,0,3,0,0,0,0,0,0,0,0,0
"OTU40.g__Paraglomus",7,3,1,6,4,9,3,3,7,3,4,2,0,3,3,0,2,0,2,2,0,3,1,174,143
"OTU312.g__Paraglomus",1,0,0,0,0,0,0,0,0,0,0,0,0,0,0,0,0,0,0,0,0,0,0,0,0
"OTU318.g__Paraglomus",0,0,0,0,1,0,0,0,0,0,0,2,0,0,0,0,0,0,0,0,0,0,0,0,0
"OTU366.g__Paraglomus",0,0,0,0,0,0,0,0,0,0,0,0,0,0,1,0,0,0,0,0,0,0,0,0,0
"OTU159.g__Paraglomus",0,0,1,0,1,0,1,0,3,0,1,0,0,3,1,1,0,0,2,2,0,0,1,0,0
"OTU171.g__Paraglomus",0,0,0,0,0,2,0,0,0,0,0,0,0,0,0,1,0,0,1,0,2,0,0,0,0
"OTU571.g__Paraglomus",0,0,0,0,0,0,0,0,0,0,0,0,0,0,0,0,0,0,0,0,0,0,0,0,0
"OTU268.g__Claroideoglomus",0,0,0,0,2,0,0,0,0,0,0,0,0,2,0,11,0,0,0,0,0,0,0,0,0
"OTU496.g__Glomus",0,0,5,0,0,0,0,0,0,0,0,0,0,0,0,0,0,0,0,0,0,0,0,0,0
"OTU749.g__Paraglomus",0,0,0,0,0,0,0,0,0,0,0,0,0,0,0,0,0,0,0,0,0,0,0,0,0
"OTU473.g__Claroideoglomus",0,0,0,0,0,0,0,0,0,0,1,0,0,0,0,0,4,0,0,0,0,0,0,0,0
"OTU71.g__Glomus",10,7,7,13,5,9,6,4,12,14,3,6,9,10,4,1,0,2,1,18,1,110,97,56,56
"OTU53.g__Claroideoglomus",1,0,0,0,2,1,0,0,25,0,7,1,0,0,1,0,4,0,1,1,0,1,1,0,4
"OTU174.g__Claroideoglomus",3,1,0,0,0,0,0,0,0,0,0,0,3,0,0,0,0,0,0,0,0,0,0,0,0
"OTU189.g__Claroideoglomus",0,0,0,0,0,2,0,0,1,0,0,0,0,0,0,0,0,0,0,0,0,0,0,0,18
"OTU191.g__Claroideoglomus",0,1,0,0,0,0,0,0,0,1,0,1,1,4,2,1,0,1,0,2,2,2,0,23,0
"OTU227.g__Claroideoglomus",0,0,0,1,0,0,0,0,4,2,0,0,0,0,0,0,0,0,0,0,0,0,0,0,0
"OTU232.g__Claroideoglomus",0,0,0,0,0,0,0,0,0,0,15,0,0,0,0,0,0,0,0,0,0,0,0,0,0
"OTU247.g__Claroideoglomus",0,0,0,0,0,0,0,0,0,1,0,0,0,1,10,1,0,0,1,0,0,0,0,0,0
"OTU276.g__Claroideoglomus",0,0,0,0,0,0,0,0,0,0,1,0,2,0,0,0,0,0,0,0,0,1,0,0,1
"OTU333.g__Claroideoglomus",0,0,0,0,13,0,0,0,0,1,0,0,0,0,0,0,0,0,0,0,0,0,0,0,0
"OTU441.g__Claroideoglomus",0,0,0,0,0,0,0,0,0,0,0,0,0,0,0,0,0,0,1,0,0,1,0,0,0
"OTU538.g__Claroideoglomus",0,0,0,0,0,0,0,0,0,0,0,4,0,0,0,0,0,0,0,0,0,0,0,0,0
"OTU2.g__Glomus",84,14,63,19,214,137,161,625,240,27,81,105,10,11,86,14,12,42,14,7,3,8,3,7,40
"OTU602.g__Glomus",0,0,0,0,2,0,0,0,0,0,0,0,0,0,0,0,0,0,0,0,0,0,0,0,0
"OTU195.g__Glomus",4,0,3,0,0,0,0,0,3,0,0,0,0,1,0,0,0,0,0,0,0,0,0,0,0
"OTU72.g__Glomus",0,0,0,18,0,0,0,0,0,2,0,2,0,3,0,0,0,0,0,0,0,0,0,0,0
"OTU146.g__Glomus",1,8,10,0,0,0,0,0,0,0,0,0,0,0,0,0,0,1,0,0,0,0,0,0,0
"OTU598.g__Glomus",0,0,0,0,0,0,0,0,0,2,0,0,0,0,0,0,0,0,0,0,0,0,0,0,0
"OTU188.g__Archaeospora",0,0,0,0,0,0,0,0,0,0,0,0,0,1,0,0,0,25,0,0,0,0,0,0,0
"OTU365.g__Archaeospora",0,0,0,0,0,0,0,0,0,1,0,0,0,0,0,0,0,0,0,0,0,0,0,0,0
"OTU271.g__Glomus",67,15,48,65,36,37,38,37,38,19,36,52,53,25,29,2,8,31,173,23,3,48,6,89,34
"OTU448.g__Glomus",0,0,0,0,0,0,0,0,0,0,0,0,0,0,0,0,0,0,0,0,0,0,0,0,0
"OTU551.g__Glomus",0,0,3,1,0,0,0,0,0,0,0,0,0,0,0,0,0,0,0,0,0,0,0,0,0
"OTU101.g__Glomus",0,12,0,0,5,0,15,0,0,1,1,0,0,0,0,0,0,0,0,0,0,0,0,1,0
"OTU519.g__Glomus",0,0,0,0,0,0,0,0,0,0,0,0,0,0,0,0,0,0,0,0,0,0,0,0,0
"OTU491.g__Glomus",0,0,0,0,0,0,0,0,0,0,0,0,0,0,0,0,0,1,0,0,0,0,0,0,0
"OTU414.g__Claroideoglomus",0,0,0,0,0,0,0,0,0,0,0,0,0,0,0,0,6,0,0,0,0,0,0,0,0
"OTU341.g__Glomus",0,0,0,0,0,0,0,0,0,0,0,0,0,0,0,0,0,0,0,0,0,0,0,0,0
"OTU393.g__Glomus",0,0,0,0,0,0,0,0,0,0,0,0,0,0,0,0,0,0,0,0,0,0,0,0,0
"OTU331.g__Claroideoglomus",0,0,0,0,0,0,0,0,0,0,0,0,0,0,0,0,0,0,0,0,0,0,0,0,0
"OTU134.g__Glomus",0,9,0,3,1,0,0,0,0,0,0,0,0,0,0,0,0,0,0,0,0,0,0,0,0
"OTU738.g__Archaeospora",0,0,0,9,0,0,0,0,0,0,0,0,0,0,0,0,0,0,0,0,0,0,0,0,0
"OTU629.g__Archaeospora",0,0,0,0,0,0,0,0,0,0,0,0,0,0,0,0,0,0,0,0,0,0,0,0,0
"OTU623.g__Archaeospora",0,0,0,0,0,1,0,0,0,0,0,0,0,0,0,0,0,0,0,0,0,0,0,0,0
"OTU34.g__Paraglomus",9,75,17,6,102,12,3,5,3,16,7,38,3,99,1,0,2,5,4,0,0,43,1,4,2
"OTU63.g__Paraglomus",0,5,10,1,3,22,12,8,4,4,3,6,13,15,7,0,0,2,1,5,0,1,2,0,1
"OTU75.g__Paraglomus",3,1,4,5,1,14,1,0,7,2,5,6,11,15,5,4,0,1,1,1,0,62,2,0,2
"OTU96.g__Paraglomus",0,3,3,3,0,1,2,2,0,0,0,1,1,0,1,26,1,23,1,1,0,0,0,0,0
"OTU124.g__Paraglomus",0,2,0,0,0,42,0,0,0,0,0,0,0,0,13,0,3,0,0,0,0,0,0,0,0
"OTU139.g__Paraglomus",0,0,1,0,4,1,0,0,1,0,1,2,0,0,1,8,12,1,2,0,0,1,0,6,1
"OTU140.g__Paraglomus",20,0,4,1,5,3,0,2,11,4,0,2,0,0,1,1,0,1,13,0,0,0,0,0,0
"OTU141.g__Paraglomus",1,0,1,0,0,3,0,0,1,2,1,0,27,0,7,0,0,0,0,0,0,0,0,0,0
"OTU153.g__Paraglomus",0,0,0,0,0,0,0,0,0,0,0,0,0,0,0,0,0,0,0,0,0,0,0,0,0
"OTU194.g__Paraglomus",2,1,0,1,0,6,0,12,10,3,1,2,12,4,1,3,0,0,0,1,0,15,0,0,0
"OTU215.g__Paraglomus",0,0,0,0,1,0,0,1,0,1,0,0,0,0,0,0,1,0,0,0,0,0,1,0,0
"OTU230.g__Paraglomus",0,0,0,0,0,1,1,0,0,0,0,0,0,0,0,0,0,4,0,0,0,0,0,0,0
"OTU296.g__Paraglomus",0,0,0,0,4,1,1,0,8,1,1,0,3,4,1,0,0,0,0,0,0,0,0,0,0
"OTU385.g__Paraglomus",0,0,0,0,1,0,0,0,0,0,0,0,0,0,1,3,0,0,0,0,3,11,0,0,3
"OTU479.g__Paraglomus",0,0,0,0,0,0,0,0,0,0,0,0,0,0,0,0,0,0,0,0,0,0,0,0,0
"OTU492.g__Paraglomus",0,0,0,0,0,0,1,0,0,0,0,0,0,0,0,0,0,0,0,0,0,0,0,0,0
"OTU494.g__Paraglomus",0,0,0,0,0,0,0,0,0,0,0,0,0,0,0,0,0,0,0,0,0,0,0,0,0
"OTU508.g__Paraglomus",0,0,0,0,0,0,0,0,0,0,0,0,0,0,0,0,0,0,2,0,0,0,0,0,0
"OTU522.g__Paraglomus",0,0,0,0,0,0,0,2,0,0,0,0,0,0,0,0,0,0,0,0,0,0,0,0,0
"OTU546.g__Paraglomus",0,0,0,0,0,0,0,0,0,0,1,0,0,0,0,0,0,0,0,0,0,0,0,0,0
"OTU547.g__Paraglomus",0,0,0,0,0,0,0,0,0,0,0,0,0,0,0,0,0,0,0,0,0,0,0,0,0
"OTU605.g__Paraglomus",1,0,0,0,0,0,0,2,0,2,0,1,0,0,5,0,0,0,0,0,0,0,0,0,2
"OTU639.g__Paraglomus",0,0,0,0,0,3,0,0,0,0,0,0,0,0,0,0,0,0,0,0,0,0,0,0,1
"OTU748.g__Paraglomus",0,0,0,0,0,0,0,0,0,0,0,0,0,0,0,0,0,0,0,0,0,0,0,0,0
"OTU466.g__Archaeospora",0,0,0,0,0,1,0,0,0,0,0,0,0,0,0,0,0,0,2,1,0,0,0,0,0
"OTU630.g__Archaeospora",0,0,0,0,0,0,0,0,0,0,0,0,0,2,0,0,0,1,0,0,0,0,0,0,0
"OTU217.g__Diversispora",0,0,0,0,0,0,1,0,0,16,1,0,0,0,1,0,0,0,0,0,0,0,0,0,0
"OTU423.g__Archaeospora",0,0,0,0,0,1,0,0,0,0,0,0,0,0,0,0,0,0,0,0,0,6,0,2,0
"OTU511.g__Archaeospora",0,0,0,0,0,0,0,0,0,0,0,0,0,0,0,0,0,0,0,0,0,0,0,0,0
"OTU397.g__Claroideoglomus",8,1,8,6,6,6,7,12,8,5,5,7,11,9,2,0,0,0,1,0,0,107,1,193,0
"OTU717.g__Glomus",0,0,0,0,0,0,0,0,0,0,0,0,0,0,1,0,0,0,0,0,0,0,0,0,0
"OTU10.g__Ambispora",0,0,0,1,0,2,0,0,12,2,1,1,1,0,0,0,0,0,0,1,0,0,0,0,0
"OTU360.g__Archaeospora",0,0,0,0,0,0,0,0,0,0,0,0,0,0,0,0,0,0,0,0,0,0,0,0,0
"OTU132.g__Archaeospora",0,0,0,0,1,0,0,9,0,0,1,0,0,0,0,0,0,0,0,0,0,0,0,0,0
"OTU420.g__Archaeospora",0,0,0,0,0,0,2,0,0,1,0,0,0,0,0,0,0,0,0,0,0,0,0,0,0
"OTU452.g__Claroideoglomus",0,0,3,0,0,0,0,0,0,0,0,0,0,0,0,0,0,0,0,0,0,0,0,0,0
"OTU270.g__Claroideoglomus",0,0,1,0,0,0,0,0,0,0,0,0,1,1,0,0,0,0,5,0,0,0,0,0,0
"OTU306.g__Claroideoglomus",3,0,0,0,0,0,0,0,1,1,0,0,0,2,0,0,0,0,0,0,0,0,0,0,0
"OTU87.g__Diversispora",94,4,6,6,1,4,6,2,3,3,0,3,3,4,2,0,0,2,1,2,0,0,0,2,171
"OTU24.g__Diversispora",24,16,13,28,21,13,7,13,20,20,7,124,17,141,9,5,5,5,5,4,597,3,2,1,466
"OTU245.g__Glomus",1,1,0,0,0,2,0,0,0,0,0,0,0,0,0,0,0,0,0,0,0,0,0,0,0
"OTU104.g__Diversispora",0,0,0,0,1,0,0,0,0,0,0,0,0,0,0,0,0,0,0,1,0,0,0,0,0
"OTU434.g__Diversispora",0,0,0,0,0,0,0,0,0,0,0,0,0,0,0,0,0,0,0,0,0,0,0,0,0
"OTU135.g__Gigaspora",0,0,1,0,0,1,0,0,0,0,0,0,0,1,0,16,0,14,0,0,0,0,0,0,0
"OTU17.g__Gigaspora",6,6,5,7,65,110,113,36,96,194,120,133,108,177,18,4,2,26,12,12,7,1,13,10,2
"OTU60.g__Gigaspora",4,3,28,29,2,3,13,1,7,1,8,0,0,1,4,0,0,2,1,1,0,0,0,0,0
"OTU729.g__Gigaspora",0,0,0,0,0,0,0,0,0,0,0,0,0,0,0,0,0,0,0,0,0,0,0,0,0
"OTU133.g__Glomus",0,0,1,0,0,8,2,1,0,1,1,0,0,0,0,1,1,1,0,0,0,0,0,0,0
"OTU313.g__Glomus",8,2,1,0,0,0,0,0,0,0,0,0,0,0,0,0,0,0,0,0,0,0,0,0,0
"OTU411.g__Glomus",0,0,0,0,0,0,0,0,0,0,0,0,0,0,0,2,0,0,0,0,0,0,0,0,0
"OTU438.g__Glomus",3,0,0,0,7,1,0,2,0,0,0,0,0,2,0,0,0,0,0,0,0,0,0,1,0
"OTU555.g__Glomus",0,0,0,0,0,0,0,4,0,0,0,0,0,0,0,0,0,0,0,0,0,0,0,0,0
"OTU733.g__Glomus",0,0,0,0,0,0,0,0,0,0,0,1,0,0,0,0,0,0,0,0,1,0,0,0,0
"OTU83.g__Ambispora",1,0,0,0,0,0,1,0,3,0,0,0,0,0,3,0,0,0,0,0,0,0,0,0,1
"OTU243.g__Ambispora",0,0,0,0,0,1,2,0,0,1,0,0,0,0,0,0,0,1,0,0,0,0,0,0,0
"OTU625.g__Acaulospora",0,0,0,0,0,0,0,0,0,0,0,0,6,0,0,0,0,0,0,0,0,0,0,0,0
"OTU490.g__Ambispora",0,0,0,0,0,0,0,0,0,0,0,0,0,1,0,0,0,0,0,0,0,0,0,0,0
"OTU379.g__Claroideoglomus",0,0,0,0,0,0,0,0,0,0,0,0,0,0,0,0,0,0,0,0,0,0,0,0,0
"OTU80.g__Glomus",1,4,46,125,4,1,0,0,3,2,3,1,2,1,2,1,1,0,0,18,2,0,7,2,3
"OTU284.g__Glomus",0,0,0,1,0,3,0,0,0,0,0,0,0,1,0,0,0,0,0,0,1,0,0,0,0
"OTU350.g__Claroideoglomus",0,0,0,0,0,0,1,0,0,0,0,2,0,0,0,0,0,0,1,0,0,0,0,0,0
"OTU351.g__Glomus",0,0,3,0,0,0,1,0,0,0,0,0,3,0,0,0,1,0,0,0,0,4,0,0,0
"OTU462.g__Glomus",0,0,0,0,0,0,0,0,0,0,1,0,0,0,0,0,0,0,0,0,0,0,0,0,0
"OTU93.g__Glomus",0,0,1,0,0,1,0,0,0,0,2,0,2,0,2,1,11,17,0,0,0,23,1,26,8
"OTU603.g__Glomus",0,0,0,0,0,0,0,0,0,0,0,0,0,0,0,0,0,0,0,0,0,0,0,0,0
"OTU635.g__Glomus",0,3,0,0,0,0,0,0,0,0,0,0,0,0,0,0,0,0,0,0,0,0,0,0,0
"OTU114.g__Ambispora",0,0,0,1,0,14,10,0,0,0,0,1,0,0,0,0,0,0,0,0,0,0,0,0,0
"OTU150.g__Ambispora",0,1,0,0,0,2,0,0,0,0,0,1,0,0,0,0,0,0,0,0,0,0,0,0,0
"OTU179.g__Ambispora",0,0,0,0,0,0,0,0,0,0,0,14,0,25,0,0,0,0,0,0,0,0,0,0,0
"OTU229.g__Ambispora",0,2,0,0,0,0,0,0,0,0,0,0,0,0,0,0,0,0,0,1,0,0,0,0,0
"OTU275.g__Ambispora",0,0,0,0,0,0,12,0,0,0,0,0,0,0,0,0,0,0,0,0,0,0,0,0,0
"OTU408.g__Ambispora",1,0,0,0,0,0,0,0,2,0,0,0,0,0,0,0,0,0,0,0,0,0,0,0,0
"OTU348.g__Ambispora",0,0,2,0,0,0,0,0,0,0,0,0,0,0,0,0,0,0,0,0,0,0,0,0,0
"OTU528.g__Ambispora",0,0,0,0,0,0,0,0,0,0,0,0,0,1,0,0,0,0,0,0,0,0,0,0,0
"OTU74.g__Glomus",1,4,0,2,2,1,0,1,4,0,2,1,1,0,0,46,0,0,0,0,0,0,0,0,0
"OTU9.g__Claroideoglomus",180,40,104,134,131,116,58,62,83,71,80,73,72,130,80,191,87,241,249,122,20,267,35,86,66
"OTU374.g__Claroideoglomus",0,0,0,0,0,0,0,1,0,0,0,0,0,0,0,0,0,0,0,0,0,0,0,0,0
"OTU656.g__Claroideoglomus",0,0,16,0,0,0,0,0,0,2,0,0,0,0,0,0,0,0,0,0,0,0,0,0,0
"OTU581.g__Archaeospora",0,0,0,0,0,0,0,0,0,0,5,0,0,0,0,0,0,0,0,0,0,0,0,0,0
"OTU77.g__Archaeospora",2,1,2,1,1,2,1,5,3,1,2,4,6,2,1,22,0,20,33,1,0,0,0,28,0
"OTU718.g__Archaeospora",0,0,0,1,0,0,0,0,0,0,0,1,0,0,0,0,0,0,0,0,0,0,0,0,0
"OTU14.g__Glomus",75,27,71,28,174,24,155,12,61,178,71,63,217,80,260,4,141,23,47,77,56,47,17,31,41
"OTU182.g__Glomus",0,0,1,0,0,0,0,0,0,0,0,0,0,0,0,0,0,0,0,0,0,0,0,0,0
"OTU90.g__Glomus",3,0,1,1,1,2,23,0,40,0,0,1,0,0,0,0,0,0,0,0,0,0,0,0,0
"OTU224.g__Glomus",0,0,9,0,0,0,0,27,0,0,1,1,0,0,0,0,0,0,0,0,0,0,1,0,0
"OTU431.g__Glomus",0,2,0,0,0,0,0,0,0,0,0,2,0,1,0,0,0,0,0,0,0,0,0,0,0
"OTU640.g__Glomus",0,0,0,0,0,0,0,0,0,0,0,0,0,0,1,0,0,0,0,0,0,0,0,0,0
"OTU671.g__Glomus",3,0,0,0,0,0,0,0,0,0,0,0,0,0,0,0,0,0,0,0,0,0,0,0,0
"OTU699.g__Glomus",0,0,0,0,0,0,0,0,0,0,0,0,0,0,0,0,0,0,0,0,0,0,0,0,0
"OTU719.g__Glomus",0,0,0,0,0,0,0,0,0,0,0,0,0,0,0,0,0,0,0,0,1,0,0,0,0
"OTU647.g__Claroideoglomus",0,0,0,0,0,0,0,0,0,0,0,0,0,0,0,0,0,0,0,0,0,0,0,0,0
"OTU64.g__Paraglomus",7,2,11,2,5,0,10,2,4,0,1,1,2,2,5,2,0,0,0,1,1,252,2,0,3
"OTU470.g__Archaeospora",3,0,0,0,0,0,0,0,0,0,0,0,0,0,0,0,0,0,0,0,0,0,0,0,0
"OTU47.g__Scutellospora",18,3,8,7,6,3,8,7,9,5,5,5,6,1,4,1,2,3,1,2,1,143,0,2,336
"OTU84.g__Glomus",3,120,1,2,0,0,2,0,0,1,0,0,0,0,1,1,62,0,0,0,0,0,0,0,1
"OTU216.g__Archaeospora",0,0,1,0,0,0,10,0,0,1,0,0,2,0,0,0,0,0,0,0,0,0,0,0,0
"OTU266.g__Archaeospora",0,0,0,0,0,0,0,0,13,0,0,0,1,0,0,0,0,0,0,0,2,0,0,0,0
"OTU399.g__Archaeospora",0,0,0,0,0,0,0,0,0,0,4,5,0,0,0,0,0,0,0,0,0,0,0,0,0
"OTU460.g__Archaeospora",0,0,0,0,2,0,0,0,0,0,0,0,0,0,0,0,0,0,0,0,0,0,0,0,3
"OTU540.g__Archaeospora",0,0,0,0,0,0,0,0,0,0,0,0,0,0,0,0,0,0,0,0,0,0,0,0,0
"OTU589.g__Archaeospora",0,0,0,0,0,0,0,0,0,0,0,0,0,0,0,0,0,0,0,0,0,0,0,0,0
"OTU675.g__Archaeospora",0,0,0,0,0,0,0,0,0,0,0,0,0,0,0,0,0,0,0,0,0,0,0,0,0
"OTU55.g__Paraglomus",0,0,1,1,2,13,2,10,9,2,2,2,5,10,11,2,0,0,0,2,12,1,2,2,0
"OTU76.g__Paraglomus",0,0,0,0,0,0,0,0,0,0,0,0,0,0,0,0,0,0,0,0,0,0,0,0,0
"OTU97.g__Paraglomus",0,0,2,0,0,0,0,0,0,0,0,0,0,0,4,0,0,2,0,0,0,0,0,0,0
"OTU137.g__Paraglomus",0,0,0,2,0,0,0,0,0,0,0,0,0,0,2,0,0,0,0,0,0,0,0,0,0
"OTU161.g__Paraglomus",0,1,0,0,1,0,3,8,2,0,1,6,1,0,0,0,0,3,0,0,0,0,0,0,0
"OTU316.g__Paraglomus",0,0,0,0,0,0,0,0,5,0,0,0,0,0,0,0,0,0,0,0,0,0,0,0,0
"OTU317.g__Paraglomus",1,0,1,0,0,1,0,0,0,0,0,6,0,0,0,0,1,0,1,0,0,0,0,0,0
"OTU440.g__Paraglomus",0,0,0,0,0,0,0,0,0,0,0,0,0,0,0,0,0,0,0,0,0,0,0,0,0
"OTU458.g__Paraglomus",0,0,0,0,0,0,0,0,0,0,0,0,0,0,0,0,0,0,0,0,0,0,0,0,0
"OTU698.g__Paraglomus",0,0,0,0,0,0,0,0,0,0,0,0,0,0,0,0,0,0,0,0,0,0,0,0,0
"OTU710.g__Paraglomus",0,0,0,0,0,0,0,0,0,0,0,0,0,0,0,0,0,0,0,0,0,0,0,0,0
"OTU465.g__Glomus",0,0,0,0,0,4,0,0,0,0,0,0,0,0,0,0,0,0,0,0,0,0,0,0,0
"OTU363.g__Glomus",0,0,0,0,0,1,0,0,0,1,1,2,0,0,0,0,1,0,0,0,0,0,0,0,1
"OTU394.g__Glomus",0,0,0,0,0,0,2,0,0,0,0,0,0,0,0,0,1,0,0,0,0,0,0,0,0
"OTU524.g__Paraglomus",0,0,0,0,0,2,10,0,0,0,0,0,3,0,0,0,0,0,0,0,0,0,0,0,1
"OTU532.g__Paraglomus",0,0,0,0,0,0,0,0,0,0,0,0,0,0,0,0,0,0,0,0,0,0,0,0,0
"OTU668.g__Paraglomus",0,0,0,0,0,0,0,0,0,0,0,0,0,0,0,0,0,0,0,0,0,0,0,0,0
"OTU241.g__Glomus",0,0,0,0,0,0,0,0,0,0,0,0,0,0,0,0,0,0,0,0,0,0,0,0,0
"OTU58.g__Paraglomus",0,43,0,0,1,10,0,0,24,0,1,1,9,1,4,0,0,0,0,0,0,0,1,0,1
"OTU85.g__Paraglomus",2,2,0,1,2,13,1,0,0,0,1,1,0,2,0,19,6,4,5,2,0,4,0,0,0
"OTU98.g__Paraglomus",0,0,0,0,1,0,16,0,0,0,0,0,1,0,10,0,0,0,0,0,0,0,1,0,0
"OTU380.g__Paraglomus",0,0,0,0,0,0,0,1,0,0,0,0,0,0,0,0,0,0,0,0,1,0,0,0,0
"OTU692.g__Paraglomus",0,0,1,0,0,0,0,0,0,0,0,0,0,0,0,0,0,0,0,0,0,0,0,0,0
"OTU116.g__Glomus",12,2,1,2,3,1,6,3,11,0,1,0,5,0,1,0,0,1,17,6,1,0,1,4,1
"OTU210.g__Glomus",4,0,0,7,0,1,0,0,2,1,0,0,19,1,2,0,1,2,1,0,1,0,0,1,0
"OTU314.g__Glomus",0,0,0,0,0,0,0,0,0,1,0,0,0,1,0,1,0,0,3,0,0,0,1,0,0
"OTU536.g__Glomus",0,0,0,0,0,0,0,0,0,0,0,0,0,0,0,0,0,0,0,0,0,0,0,0,0
"OTU565.g__Glomus",0,0,0,0,0,0,0,0,0,0,0,3,0,0,0,0,0,0,0,0,0,0,0,0,0
"OTU624.g__Glomus",0,0,0,0,0,0,0,0,0,0,0,0,0,0,0,0,0,0,0,0,0,0,0,0,0
"OTU237.g__Glomus",126,3,3,4,3,1,4,2,18,0,5,0,1,0,1,0,0,2,3,2,3,0,0,3,6
"OTU585.g__Glomus",0,0,0,0,0,0,0,0,0,0,0,0,0,0,0,0,0,0,0,0,0,0,0,0,0
"OTU169.g__Glomus",2,0,0,0,0,0,0,0,1,0,0,0,11,0,0,0,0,0,0,0,0,0,0,0,0
"OTU610.g__Glomus",0,0,0,0,0,0,0,0,0,0,0,0,0,0,0,0,0,0,0,0,0,0,0,0,0
"OTU138.g__Glomus",0,0,0,0,0,38,0,0,0,0,0,0,0,0,0,0,0,0,0,0,0,0,0,0,0
"OTU81.g__Glomus",0,0,1,1,0,0,27,2,1,0,0,0,2,60,24,17,5,14,0,4,0,0,0,2,0
"OTU209.g__Glomus",0,0,1,0,0,0,0,0,2,0,0,2,0,7,8,0,0,0,0,0,0,2,0,0,0
"OTU68.g__Glomus",32,0,2,1,1,0,8,10,5,0,0,1,0,0,0,0,0,0,0,0,0,0,2,0,0
"OTU208.g__Glomus",0,0,3,0,0,0,1,0,0,0,0,0,0,0,0,0,0,0,0,0,0,0,0,0,0
"OTU261.g__Glomus",0,0,0,0,1,0,0,0,0,0,0,0,0,0,0,0,0,0,1,0,0,0,0,0,0
"OTU38.g__Glomus",1,61,2,0,0,1,0,0,1,0,0,1,2,1,0,0,1,4,0,6,0,1,4,0,0
"OTU175.g__Glomus",2,0,0,0,0,0,1,0,0,0,0,0,0,0,0,0,0,0,0,0,0,0,0,0,0
"OTU239.g__Glomus",0,0,0,0,0,0,0,0,2,0,0,0,0,0,0,0,0,0,0,0,0,0,0,0,0
"OTU244.g__Glomus",0,0,0,0,0,0,0,0,1,0,0,0,0,0,0,0,0,0,0,0,0,0,0,0,0
"OTU250.g__Glomus",0,0,0,0,0,0,0,0,0,11,0,0,0,0,0,0,0,0,0,0,0,0,0,0,0
"OTU325.g__Glomus",0,0,0,0,0,1,0,2,0,0,0,0,0,0,0,0,0,0,0,0,0,0,0,0,0
"OTU328.g__Glomus",5,0,0,0,0,0,0,0,1,0,0,6,0,0,0,0,0,0,0,0,0,0,0,0,0
"OTU337.g__Glomus",2,0,0,0,0,0,0,0,0,0,0,0,0,0,0,0,0,0,0,0,0,0,0,0,0
"OTU367.g__Glomus",0,0,0,0,0,0,0,0,0,0,0,3,0,0,2,0,0,0,0,0,0,0,0,0,0
"OTU439.g__Glomus",0,0,0,0,0,0,1,0,0,0,0,0,0,0,0,0,0,0,0,0,0,0,0,0,0
"OTU445.g__Glomus",0,0,0,0,0,0,0,0,0,0,0,0,0,0,0,0,0,0,0,0,0,0,0,0,0
"OTU449.g__Glomus",0,3,0,0,0,0,0,0,0,3,0,0,4,0,0,0,0,0,0,0,0,0,0,0,0
"OTU468.g__Glomus",0,0,0,0,0,0,0,0,0,0,0,0,0,0,0,0,0,0,0,0,0,0,0,0,0
"OTU482.g__Glomus",0,0,0,0,0,0,0,0,0,0,0,0,0,0,0,0,0,0,0,1,0,0,0,0,0
"OTU556.g__Glomus",0,0,0,0,0,0,0,2,0,0,0,0,0,0,0,0,0,0,0,0,0,0,0,0,0
"OTU560.g__Glomus",0,0,0,0,0,0,0,0,0,0,0,0,0,1,0,0,0,0,0,0,0,0,0,0,0
"OTU604.g__Glomus",0,0,0,0,0,0,0,0,0,0,0,0,0,0,0,0,0,1,0,0,0,0,0,0,0
"OTU614.g__Glomus",0,0,0,0,0,2,0,0,1,0,0,0,0,0,0,0,0,0,0,0,0,1,0,0,0
"OTU643.g__Glomus",0,0,0,0,0,0,0,0,0,0,0,0,0,0,0,0,0,0,0,0,0,0,0,0,0
"OTU714.g__Glomus",0,1,0,0,0,0,0,0,0,0,0,0,0,0,0,0,0,0,0,0,0,0,0,0,0
"OTU724.g__Glomus",0,0,0,0,0,0,0,0,0,0,0,0,0,0,1,0,0,0,0,0,0,0,0,0,0
"OTU236.g__Archaeospora",2,0,0,0,0,0,0,0,0,0,0,0,0,0,5,0,0,0,0,0,0,0,0,0,0
"OTU563.g__Archaeospora",0,0,0,0,0,1,0,2,0,0,2,0,0,0,0,0,0,0,1,0,0,0,0,0,0
"OTU727.g__Archaeospora",2,0,0,0,0,0,0,0,0,0,0,0,0,0,0,0,0,0,0,0,0,0,0,0,0
"OTU633.g__Archaeospora",0,0,0,0,0,0,0,0,0,0,0,0,0,0,0,0,0,0,0,0,0,0,0,0,0
"OTU509.g__Glomus",0,0,0,0,2,0,0,0,0,0,0,1,0,0,0,0,0,0,0,0,0,0,0,0,0
"OTU50.g__Glomus",9,3,0,43,2,1,6,7,17,0,0,1,5,10,12,0,0,0,0,0,1,0,0,0,1
"OTU283.g__Glomus",2,0,0,0,0,0,1,0,1,0,0,1,1,1,0,1,4,0,1,0,0,0,0,2,0
"OTU743.g__Glomus",1,0,0,0,0,0,0,0,0,0,0,0,0,0,0,0,0,0,0,0,0,0,0,0,0
"OTU752.g__Glomus",0,0,0,0,0,0,0,0,0,0,0,0,0,0,0,0,0,0,0,0,0,0,0,0,0
"OTU481.g__Glomus",0,0,0,0,0,0,0,0,0,0,0,0,0,0,0,0,0,0,0,0,0,0,0,0,0
"OTU106.g__Claroideoglomus",1,0,0,0,1,0,0,0,0,1,1,28,1,0,0,1,0,1,0,3,0,3,0,0,3
"OTU126.g__Claroideoglomus",2,1,2,0,1,0,0,0,0,1,0,0,1,1,0,0,0,0,0,0,0,33,0,0,0
"OTU240.g__Claroideoglomus",0,0,0,0,0,0,0,0,0,5,0,0,0,17,0,0,0,0,0,0,0,0,0,0,0
"OTU391.g__Claroideoglomus",0,0,0,0,0,0,1,0,0,0,0,1,0,0,0,0,0,0,0,0,0,2,0,0,1
"OTU471.g__Claroideoglomus",1,0,0,0,0,0,0,0,0,0,0,0,0,0,0,0,0,0,0,0,0,0,0,0,1
"OTU709.g__Glomus",0,0,0,0,2,0,0,0,0,0,0,0,0,0,0,0,0,0,0,0,0,0,0,0,0
"OTU59.g__Paraglomus",1,0,1,1,7,3,0,0,1,1,1,3,0,0,0,0,0,0,0,1,2,24,0,0,1
"OTU295.g__Paraglomus",0,0,0,0,0,0,0,0,0,0,0,0,0,1,0,0,0,0,0,0,0,0,0,0,0
"OTU576.g__Paraglomus",0,0,0,0,0,3,0,3,0,0,0,7,1,0,3,0,0,0,0,0,0,1,0,0,0
"OTU218.g__Glomus",0,1,17,0,0,0,0,0,0,0,0,0,0,0,0,0,0,0,0,0,0,0,0,2,0
"OTU107.g__Glomus",14,1,0,0,0,10,3,6,0,19,0,9,12,4,2,0,0,1,0,0,0,0,0,1,1
"OTU125.g__Glomus",1,0,0,0,0,1,0,0,0,0,0,0,0,0,0,0,0,0,0,0,0,0,0,0,0
"OTU309.g__Glomus",2,0,0,0,0,0,0,0,0,0,0,0,0,0,0,0,0,0,0,0,0,0,0,0,0
"OTU281.g__Glomus",0,0,0,0,0,0,0,0,0,0,1,0,0,0,0,0,0,2,0,0,0,1,0,0,0
"OTU213.g__Glomus",0,0,9,0,0,0,0,0,0,0,0,0,0,0,0,0,0,0,0,0,0,0,0,0,0
"OTU130.g__Archaeospora",0,0,2,0,0,0,0,0,1,0,0,0,0,0,0,0,0,5,0,0,0,0,0,0,0
"OTU696.g__Glomus",0,0,0,0,0,0,0,0,0,0,0,0,0,0,0,0,0,0,0,0,0,0,0,0,0
"OTU721.g__Glomus",0,0,0,0,0,0,0,1,0,0,0,0,0,0,0,0,0,0,0,0,0,0,0,0,0
"OTU264.g__Glomus",0,0,5,0,0,0,0,0,2,0,0,0,0,0,0,0,0,0,0,0,0,0,0,0,0
"OTU516.g__Claroideoglomus",0,0,0,0,1,0,0,0,0,0,0,0,0,0,0,1,0,1,0,0,0,0,0,0,0
"OTU704.g__Claroideoglomus",0,0,0,0,0,0,0,0,0,0,2,0,0,0,0,0,0,0,0,0,0,0,0,0,0
"OTU344.g__Glomus",0,0,0,0,0,0,0,0,0,0,0,0,0,0,0,2,0,1,0,0,0,0,0,0,0
"OTU36.g__Glomus",17,24,13,18,34,15,9,12,12,15,3,52,7,66,19,34,3,48,2,2,250,316,6,2,117
"OTU86.g__Glomus",0,2,1,2,2,0,14,0,0,14,0,0,2,2,0,3,1,0,0,2,0,0,2,0,1
"OTU103.g__Glomus",1,0,0,0,0,0,0,0,0,0,0,0,0,0,0,0,0,0,0,4,0,0,1,0,0
"OTU4.g__Glomus",89,43,204,147,297,58,26,77,98,43,75,56,169,26,92,8,9,32,173,39,12,204,96,17,180
"OTU31.g__Glomus",3,11,1,26,8,8,4,5,11,4,6,14,9,5,4,1,1,1,3,3,21,1,478,244,1
"OTU42.g__Glomus",2,2,4,2,13,2,16,5,4,16,2,2,6,1,13,0,1,3,1,1,0,0,0,199,5
"OTU52.g__Glomus",2,1,1,0,8,10,37,26,0,63,1,11,37,1,3,0,0,5,0,0,2,1,2,0,0
"OTU56.g__Glomus",6,0,9,14,4,0,7,3,12,0,1,0,10,2,5,0,0,0,0,1,0,0,0,0,0
"OTU66.g__Glomus",0,1,0,0,1,0,0,1,0,0,0,0,1,0,1,0,0,0,0,0,0,0,0,0,0
"OTU100.g__Glomus",0,8,0,1,0,0,1,0,0,1,0,0,4,8,0,0,0,0,0,0,0,0,0,2,5
"OTU108.g__Glomus",0,0,0,0,0,0,0,1,1,0,0,0,1,0,0,0,0,0,0,2,0,1,0,0,0
"OTU120.g__Glomus",2,0,2,0,5,1,0,0,2,0,0,0,0,0,3,0,0,0,0,0,0,0,0,0,0
"OTU142.g__Glomus",1,4,0,0,0,8,0,3,0,0,0,0,0,0,0,0,0,0,0,0,0,0,0,0,0
"OTU167.g__Glomus",0,0,0,0,0,0,0,0,0,0,0,1,1,1,0,0,0,0,0,0,0,0,0,0,0
"OTU177.g__Glomus",1,0,0,0,1,0,0,0,0,1,0,0,0,3,0,0,0,0,0,0,0,0,0,0,0
"OTU178.g__Glomus",6,3,1,2,2,8,4,11,0,0,0,0,2,1,0,2,0,18,31,1,1,0,0,0,1
"OTU186.g__Glomus",0,0,0,1,0,0,0,0,0,0,0,0,0,0,0,0,0,0,0,0,0,0,0,0,0
"OTU190.g__Glomus",0,0,0,1,0,0,1,1,0,0,0,0,0,0,0,1,11,0,0,3,0,1,1,0,0
"OTU193.g__Glomus",0,0,0,0,2,1,0,0,1,0,0,1,0,0,0,0,0,2,0,0,0,0,0,23,5
"OTU197.g__Glomus",0,0,0,0,0,20,0,0,0,0,0,0,0,4,0,0,0,0,0,0,0,0,0,0,0
"OTU205.g__Glomus",14,0,0,0,0,0,0,1,0,0,0,0,0,2,0,0,0,0,0,0,0,0,0,0,0
"OTU212.g__Glomus",0,2,0,0,0,0,0,0,0,0,0,0,0,0,0,0,0,0,6,0,0,0,0,0,0
"OTU225.g__Glomus",0,0,0,0,0,0,0,0,0,0,0,0,0,42,0,0,0,0,1,0,0,0,0,0,0
"OTU231.g__Glomus",0,0,0,0,0,0,0,0,0,3,0,0,0,0,0,0,0,0,0,0,0,0,0,0,0
"OTU248.g__Glomus",6,0,9,0,1,0,0,2,0,0,0,0,11,0,0,0,0,0,0,0,0,0,0,0,0
"OTU249.g__Glomus",0,0,0,0,0,21,0,0,0,0,0,0,0,0,0,0,0,0,0,0,0,0,0,0,0
"OTU253.g__Glomus",1,0,0,0,0,0,0,0,0,5,0,0,1,1,0,0,0,0,0,0,0,0,0,0,0
"OTU258.g__Glomus",0,0,0,0,0,0,1,0,0,0,0,9,0,0,2,0,0,0,0,0,0,0,0,0,0
"OTU263.g__Glomus",0,0,0,0,0,0,0,0,0,5,1,0,0,0,1,0,0,8,2,0,0,0,0,0,2
"OTU272.g__Glomus",0,2,4,2,1,0,0,3,0,1,0,0,0,4,1,0,0,0,0,0,0,0,0,0,0
"OTU274.g__Glomus",0,0,0,0,0,0,0,0,0,0,0,0,0,7,0,0,1,0,0,0,0,1,0,0,0
"OTU282.g__Glomus",0,0,0,0,0,0,0,0,1,0,0,0,1,0,0,0,0,0,0,0,0,0,0,0,0
"OTU290.g__Glomus",0,0,0,0,0,0,0,0,0,0,0,0,0,0,0,0,0,0,0,0,0,0,0,1,0
"OTU294.g__Glomus",0,0,0,0,0,0,0,0,0,6,0,0,0,0,0,0,0,0,0,0,0,0,0,0,0
"OTU299.g__Glomus",0,0,0,0,0,0,0,0,0,0,0,0,0,0,0,0,0,0,0,0,0,0,0,0,0
"OTU301.g__Glomus",0,0,0,0,0,0,0,0,1,0,0,0,0,0,0,0,0,0,0,0,0,0,0,1,0
"OTU305.g__Glomus",0,0,0,0,0,0,0,2,0,0,0,0,0,0,0,0,0,0,2,0,0,0,0,0,0
"OTU315.g__Glomus",0,0,0,12,0,0,0,0,1,0,0,0,0,0,0,0,0,0,0,0,0,0,0,0,0
"OTU320.g__Glomus",0,0,0,0,0,0,0,0,5,0,0,0,0,0,0,0,0,0,0,0,0,0,0,0,0
"OTU338.g__Glomus",0,0,0,0,0,0,0,15,0,3,0,0,0,0,0,0,0,0,0,0,0,0,0,1,0
"OTU343.g__Glomus",0,0,0,0,0,0,0,0,0,0,0,0,0,0,0,0,0,0,0,0,0,0,0,0,0
"OTU346.g__Glomus",0,0,0,0,0,0,0,0,0,0,0,0,0,0,0,0,0,0,0,0,0,0,0,0,0
"OTU347.g__Glomus",0,0,0,0,0,0,0,0,0,0,0,0,0,0,0,0,0,0,0,0,0,0,0,0,0
"OTU355.g__Glomus",0,0,0,0,0,0,0,0,0,2,0,0,0,0,0,0,0,0,0,0,0,2,0,0,0
"OTU356.g__Glomus",0,0,0,0,0,0,0,0,2,0,0,0,0,0,0,0,0,0,0,0,0,0,0,0,0
"OTU357.g__Glomus",1,1,0,0,0,0,0,0,0,0,0,0,0,0,0,0,0,0,0,0,0,0,0,0,0
"OTU369.g__Glomus",0,0,0,0,0,0,0,0,0,0,0,0,0,0,1,0,0,0,0,0,0,0,0,0,0
"OTU403.g__Glomus",1,0,0,2,0,0,0,0,0,0,0,2,0,1,0,0,0,0,0,0,0,0,0,0,0
"OTU407.g__Glomus",0,0,0,0,1,0,0,0,0,0,0,0,0,0,0,0,0,0,0,0,0,0,0,0,0
"OTU412.g__Glomus",0,0,0,0,0,0,0,0,0,0,0,1,1,0,0,0,0,0,0,0,0,0,0,0,0
"OTU418.g__Glomus",0,0,0,0,0,0,0,0,3,0,0,0,0,0,0,0,0,0,0,0,0,0,0,0,0
"OTU424.g__Glomus",0,0,0,0,0,0,0,0,0,0,0,0,0,0,0,0,0,0,0,0,0,0,0,0,0
"OTU425.g__Glomus",0,0,0,0,0,0,0,0,0,0,0,0,0,0,0,0,0,0,0,0,0,0,1,0,0
"OTU433.g__Glomus",0,0,0,0,0,0,0,0,0,0,0,0,3,0,0,0,0,0,0,0,0,0,0,0,0
"OTU456.g__Glomus",0,0,0,0,0,0,0,0,0,0,0,0,0,0,1,1,0,0,0,0,0,0,0,0,0
"OTU461.g__Glomus",1,0,0,0,0,0,0,0,0,0,0,0,0,0,0,0,0,0,0,0,0,0,0,0,0
"OTU472.g__Glomus",0,0,3,0,0,0,0,0,0,5,0,1,0,0,0,0,0,0,0,0,0,0,0,0,0
"OTU480.g__Glomus",0,0,2,0,0,0,0,0,0,0,0,0,0,0,0,0,0,0,0,0,0,0,0,0,0
"OTU483.g__Glomus",0,0,0,0,0,0,0,0,2,0,0,0,0,0,0,0,0,0,0,0,0,0,0,0,0
"OTU484.g__Glomus",0,0,0,0,0,0,0,0,0,0,0,0,0,0,0,0,0,0,0,0,0,0,0,0,0
"OTU489.g__Glomus",0,0,0,0,0,2,0,0,0,0,0,0,0,0,0,0,0,0,0,0,0,0,0,4,0
"OTU499.g__Glomus",0,0,0,0,0,0,0,0,0,0,0,0,0,0,0,0,0,0,0,0,0,0,0,0,0
"OTU535.g__Glomus",0,0,0,0,0,0,0,0,0,1,0,0,0,0,0,0,0,0,0,0,0,0,0,0,0
"OTU539.g__Glomus",0,0,0,0,0,0,0,0,0,0,0,0,0,0,0,0,0,0,0,2,0,0,0,0,0
"OTU548.g__Glomus",0,0,0,0,0,0,0,0,0,0,0,0,1,0,0,0,1,0,0,0,0,0,0,0,0
"OTU552.g__Glomus",0,0,0,0,0,0,0,0,0,0,0,0,0,0,0,0,0,0,0,0,0,0,0,0,0
"OTU572.g__Glomus",0,0,0,0,0,0,0,0,0,0,0,0,0,0,0,0,0,0,0,0,0,0,0,0,0
"OTU597.g__Glomus",0,0,0,0,0,0,0,0,0,0,0,0,0,0,0,0,0,0,0,0,0,0,0,0,0
"OTU599.g__Glomus",0,0,1,0,0,0,0,0,0,0,0,0,0,0,0,0,0,0,0,0,0,0,0,0,0
"OTU606.g__Glomus",0,0,0,0,1,0,1,0,0,2,0,0,0,0,0,0,0,0,0,0,0,0,0,1,0
"OTU607.g__Glomus",0,0,9,0,0,0,0,0,0,4,0,0,0,0,0,1,0,0,0,0,0,0,0,0,0
"OTU608.g__Glomus",0,0,0,0,0,0,0,0,0,0,0,0,0,0,0,0,0,0,0,2,0,0,0,0,0
"OTU628.g__Glomus",0,0,0,0,0,0,0,0,0,0,0,0,5,0,2,0,0,0,0,0,0,0,0,0,0
"OTU649.g__Glomus",0,0,0,0,0,0,0,0,0,0,0,0,0,0,0,0,0,0,0,0,0,0,0,0,0
"OTU654.g__Glomus",0,1,0,0,0,0,0,0,0,0,0,0,0,1,0,0,0,0,0,0,0,0,0,0,0
"OTU663.g__Glomus",0,0,3,0,0,0,0,0,0,0,0,0,0,0,0,0,0,0,0,0,0,0,0,0,0
"OTU665.g__Glomus",0,0,0,0,0,0,0,0,0,0,0,0,0,0,0,0,0,0,0,0,0,0,0,0,0
"OTU670.g__Glomus",0,0,0,0,0,0,0,0,0,0,0,0,0,0,0,0,0,0,0,0,0,0,0,0,0
"OTU722.g__Glomus",0,0,0,0,0,0,0,0,1,0,0,0,0,0,0,0,0,0,0,0,0,0,0,0,0
"OTU732.g__Glomus",0,0,0,0,0,0,0,0,0,0,0,0,0,0,0,0,0,0,0,0,0,0,0,0,0
"OTU739.g__Glomus",0,0,0,0,0,0,0,0,1,1,0,0,2,0,0,0,0,0,0,0,0,0,0,0,0
"OTU744.g__Glomus",0,0,0,0,0,0,0,0,0,0,0,0,0,0,0,0,0,0,0,0,0,0,0,0,0
"OTU745.g__Glomus",0,0,0,0,0,0,0,0,0,0,0,0,0,0,0,0,0,0,0,0,0,0,0,0,0
"OTU747.g__Glomus",0,0,0,0,0,1,0,0,0,0,0,0,0,0,1,0,0,0,0,0,0,0,0,0,0
"OTU94.g__Glomus",2,11,6,6,4,7,29,11,9,3,2,7,4,4,4,54,214,1,3,22,0,1,0,0,0
"OTU359.g__Scutellospora",2,4,3,8,2,3,0,1,2,2,2,2,5,5,0,1,0,2,2,1,0,1,2,144,66
"OTU531.g__Diversispora",0,0,0,0,0,0,1,0,0,0,0,0,0,0,0,0,0,0,0,0,0,0,0,0,0
"OTU362.g__Claroideoglomus",0,0,0,0,1,0,0,1,0,0,0,0,0,1,0,0,0,0,0,0,0,0,0,0,0
"OTU442.g__Claroideoglomus",0,0,0,0,0,0,0,0,2,0,0,0,1,0,0,0,0,0,2,0,0,0,0,0,0
"OTU453.g__Claroideoglomus",0,0,0,0,0,0,0,2,0,1,0,0,0,3,0,0,0,0,0,0,0,0,0,0,0
"OTU529.g__Claroideoglomus",0,0,0,0,0,0,0,0,0,0,0,0,0,0,0,1,0,0,0,0,0,0,0,0,0
"OTU574.g__Claroideoglomus",0,0,0,0,0,1,0,1,0,0,0,0,0,0,0,0,0,0,0,0,0,0,0,0,0
"OTU712.g__Claroideoglomus",0,0,0,0,0,0,0,0,0,0,0,0,0,0,0,0,0,0,0,0,3,0,0,0,0
"OTU430.g__Acaulospora",0,0,0,0,0,0,1,0,0,0,0,0,5,0,0,0,0,0,0,0,1,0,0,0,0
"OTU527.g__Glomus",0,0,0,0,0,0,0,0,0,0,0,0,0,0,0,0,0,0,0,0,0,0,0,0,0
"OTU73.g__Paraglomus",1,1,1,3,0,2,74,5,1,8,1,1,2,0,2,1,0,1,0,0,0,1,0,1,0
"OTU111.g__Claroideoglomus",0,2,0,0,1,30,2,0,13,0,0,5,0,0,1,0,0,0,0,1,0,0,1,0,0
"OTU112.g__Claroideoglomus",17,0,7,6,4,14,16,4,10,2,2,15,6,8,9,6,2,4,2,0,0,1,1,7,0
"OTU162.g__Claroideoglomus",0,0,14,6,0,0,0,0,1,0,0,1,0,4,1,1,0,0,0,1,0,0,0,0,0
"OTU373.g__Claroideoglomus",0,0,0,0,0,0,0,0,0,0,0,0,0,0,0,0,0,0,3,0,0,0,0,0,0
"OTU384.g__Claroideoglomus",0,0,0,0,0,0,2,0,0,0,0,0,1,0,0,0,0,0,0,0,0,3,0,0,0
"OTU444.g__Claroideoglomus",0,0,1,0,0,0,0,0,0,0,0,0,0,0,0,0,0,0,5,0,0,0,0,0,0
"OTU510.g__Claroideoglomus",0,0,0,0,0,0,0,0,0,0,0,0,0,0,0,0,0,0,0,0,0,0,0,0,0
"OTU514.g__Claroideoglomus",0,0,0,0,0,0,0,0,0,0,0,2,0,0,0,0,0,0,0,0,0,0,0,0,0
"OTU557.g__Claroideoglomus",0,0,0,0,0,0,0,0,1,0,0,0,1,0,0,0,0,1,0,0,0,0,0,0,0
"OTU550.g__Claroideoglomus",0,0,0,0,0,0,0,0,0,0,0,0,0,0,0,0,0,0,0,0,0,0,0,0,0
"OTU687.g__Glomus",0,0,0,0,0,0,0,0,0,0,0,0,0,0,0,0,0,2,0,0,0,0,0,0,0
"OTU115.g__Glomus",5,5,32,6,27,9,2,4,5,5,4,5,9,1,3,0,1,9,2,10,17,139,2,3,0
"OTU176.g__Glomus",0,0,0,0,0,0,1,0,0,0,0,40,0,0,0,0,0,0,0,0,0,0,0,0,0
"OTU300.g__Glomus",0,0,0,0,0,0,0,1,1,0,0,1,0,0,0,0,0,1,0,0,0,5,1,0,0
"OTU740.g__Glomus",0,0,0,0,0,0,0,0,0,0,0,0,0,0,0,0,0,0,0,0,0,0,0,0,0
"OTU292.g__Claroideoglomus",0,0,0,0,0,0,0,0,3,0,0,0,0,0,0,0,0,0,0,0,0,0,0,0,0
"OTU594.g__Glomus",0,0,0,0,0,0,0,0,0,0,0,0,0,0,0,0,0,0,0,0,0,0,0,0,0
"OTU285.g__Glomus",1,0,0,0,0,0,1,0,0,0,0,0,0,0,0,0,0,0,0,0,0,0,0,0,0
"OTU43.g__Glomus",2,1,8,3,1,2,1,2,2,0,0,0,67,0,0,0,0,14,0,2,1,1,0,1,0
"OTU609.g__Glomus",0,0,0,0,0,0,0,0,0,0,0,0,0,0,0,0,0,0,0,0,0,0,0,0,0
"OTU156.g__Ambispora",0,0,17,0,0,0,0,0,0,0,0,1,0,0,0,0,0,0,0,0,0,0,0,0,0
"OTU526.g__Ambispora",0,1,0,0,0,0,0,0,1,0,0,0,0,0,0,0,0,0,0,0,0,0,0,0,0
"OTU364.g__Glomus",0,0,0,0,0,0,0,0,0,0,0,0,0,0,0,0,0,0,0,0,0,0,0,0,0
"OTU474.g__Archaeospora",0,0,0,0,0,0,0,0,0,0,0,0,0,0,0,0,0,0,0,0,0,0,0,0,0
"OTU426.g__Glomus",2,0,0,0,0,0,0,0,0,0,0,0,0,0,0,0,0,0,0,0,0,0,0,0,0
"OTU750.g__Paraglomus",0,0,0,0,0,0,0,0,0,0,0,0,0,0,0,0,1,0,0,0,0,0,1,0,0
"OTU736.g__Glomus",0,0,0,1,0,0,0,0,0,0,0,0,0,0,0,0,0,0,0,0,0,0,0,0,0
"OTU674.g__Kuklospora",0,0,0,0,0,2,0,0,0,0,0,0,0,0,0,0,0,0,0,0,0,0,0,0,0
"OTU667.g__Acaulospora",0,0,0,0,0,0,0,0,0,0,0,0,0,0,0,1,0,0,0,0,0,0,0,0,0
"OTU242.g__Paraglomus",19,0,0,0,0,0,0,0,0,0,0,0,0,0,0,0,0,0,0,0,0,0,0,0,0
"OTU113.g__Archaeospora",0,0,1,0,0,0,0,0,0,0,0,0,0,0,0,0,0,0,0,0,0,0,0,0,0
"OTU396.g__Paraglomus",0,0,0,0,0,0,0,0,0,0,0,0,0,11,0,0,0,0,0,0,0,0,0,0,0
"OTU37.g__Acaulospora",3,1,3,1,2,1,185,52,1,1,2,1,1,0,2,11,1,1,2,0,0,0,0,0,1
"OTU99.g__Scutellospora",0,0,0,0,0,0,0,4,0,0,0,0,0,0,0,0,0,3,0,0,2,0,0,1,0
"OTU469.g__Glomus",0,0,0,0,0,0,0,0,0,0,0,0,0,0,0,0,0,0,0,0,0,0,0,0,0
"OTU485.g__Acaulospora",0,0,0,0,0,0,0,0,0,0,0,0,0,0,0,0,0,0,0,0,0,0,0,0,0
"OTU644.g__Claroideoglomus",0,0,0,0,0,0,0,0,0,0,0,0,0,0,0,0,0,0,0,0,0,0,0,0,0
"OTU173.g__Claroideoglomus",3,0,0,0,0,0,0,0,0,0,0,0,0,0,0,0,0,0,0,0,0,0,0,0,0
"OTU437.g__Glomus",0,0,0,0,0,0,1,0,0,0,0,0,0,0,0,0,0,0,0,0,0,0,0,0,0
"OTU720.g__Glomus",0,0,0,0,0,0,0,0,0,0,0,0,0,0,0,0,0,0,0,0,0,0,0,0,0
"OTU354.g__Glomus",0,0,0,0,0,0,0,1,0,0,0,0,0,0,0,0,0,0,0,0,0,0,0,0,0
"OTU428.g__Glomus",0,0,0,0,0,0,0,0,0,0,0,0,0,0,0,0,0,0,0,0,0,0,0,0,0
"OTU45.g__Glomus",8,1,2,3,6,7,0,2,1,3,0,2,1,2,1,0,0,0,0,0,1,0,0,0,0
"OTU498.g__Glomus",0,0,26,0,0,0,0,1,0,3,0,1,0,0,0,0,0,0,0,0,0,0,0,0,0
"OTU307.g__Glomus",0,0,0,0,0,0,0,0,0,0,0,0,0,0,0,0,0,4,0,1,0,1,0,0,0
"OTU619.g__Glomus",0,0,0,0,0,0,0,0,0,0,0,0,0,0,0,0,0,0,0,0,0,0,0,0,0
"OTU44.g__Glomus",2,1,0,3,245,3,0,1,4,1,0,2,3,11,1,1,1,0,0,0,0,0,0,1,0
"OTU187.g__Glomus",1,0,24,0,0,0,0,0,0,0,0,0,0,0,0,0,0,0,0,0,0,0,0,0,0
"OTU136.g__Glomus",0,757,0,0,0,0,0,0,0,0,0,0,0,0,0,0,0,0,0,0,0,0,0,0,0
"OTU19.g__Archaeospora",21,16,24,29,29,14,16,11,27,19,9,17,22,17,13,492,1,5,538,5,2,144,3,2,5
"OTU57.g__Ambispora",4,10,7,2,30,0,6,0,3,0,0,26,7,7,9,0,2,3,2,6,1,1,0,0,0
"OTU621.g__Glomus",1,0,0,0,0,0,0,0,0,0,0,0,0,0,0,0,0,0,0,0,0,0,0,0,0
"OTU634.g__Glomus",1,0,0,0,0,0,0,0,0,0,0,0,0,0,0,0,0,0,0,0,0,0,0,0,0
"OTU429.g__Diversispora",0,0,0,0,0,1,0,0,0,0,0,0,0,0,0,0,1,0,0,0,0,0,0,0,0
"OTU506.g__Diversispora",0,0,0,0,0,0,0,0,0,1,0,0,0,0,0,0,0,0,0,0,0,0,0,0,0
"OTU199.g__Claroideoglomus",0,0,0,2,0,0,1,0,1,0,0,0,0,0,0,2,0,0,0,0,0,0,0,0,0
"OTU435.g__Claroideoglomus",0,0,0,0,0,0,0,0,0,0,0,0,0,0,0,0,0,0,0,0,0,0,0,0,0
"OTU688.g__Claroideoglomus",0,0,0,0,0,0,0,0,0,0,0,0,0,0,0,0,0,0,0,0,0,1,0,0,1
"OTU371.g__Archaeospora",0,0,0,0,0,0,0,0,0,0,0,0,0,0,0,0,0,0,0,0,0,0,0,0,0
"OTU148.g__Archaeospora",0,0,0,2,1,0,0,0,0,1,0,52,1,1,0,0,3,15,0,0,0,0,0,0,2
"OTU553.g__Archaeospora",0,0,0,0,0,0,0,0,0,3,0,0,0,0,0,0,0,0,0,0,0,0,0,0,0
"OTU181.g__Paraglomus",1,0,1,0,2,0,0,0,0,0,0,0,0,0,0,2,0,0,0,1,0,0,0,0,0
"OTU706.g__Paraglomus",0,0,0,0,0,0,0,0,0,0,0,0,0,0,1,0,0,0,0,0,0,0,0,0,0
"OTU293.g__Archaeospora",0,0,0,1,0,0,0,0,0,0,0,0,0,0,0,0,0,0,0,0,0,0,0,0,0
"OTU575.g__Archaeospora",0,0,0,0,0,0,0,0,0,0,0,0,0,0,2,0,0,0,0,0,0,0,0,0,0
"OTU170.g__Acaulospora",1,0,0,0,1,0,0,0,0,0,0,0,0,0,7,0,0,0,0,0,0,0,0,0,0
"OTU567.g__Archaeospora",0,0,0,0,0,0,0,0,0,0,0,0,0,0,0,0,0,0,0,0,0,0,0,0,0
"OTU545.g__Acaulospora",0,0,0,0,0,0,0,0,0,0,0,0,0,2,0,0,0,0,0,0,0,0,0,0,0
"OTU593.g__Acaulospora",0,0,0,0,0,0,0,0,0,0,0,0,0,0,0,0,0,0,0,0,0,0,0,0,0
"OTU478.g__Glomus",1,0,0,0,0,0,0,0,0,0,0,0,0,0,0,0,0,0,0,0,0,0,0,0,0
"OTU521.g__Glomus",0,0,0,0,0,0,0,0,0,0,0,0,0,0,0,0,0,0,0,0,0,0,0,0,0
"OTU659.g__Glomus",0,0,0,3,0,0,0,0,0,1,0,0,0,0,0,0,0,0,0,0,0,0,0,0,0
"OTU287.g__Glomus",0,6,0,0,0,0,0,0,0,0,0,0,0,0,0,0,0,0,1,0,0,0,0,0,1
"OTU370.g__Glomus",0,0,0,0,0,0,0,0,0,0,0,0,0,0,3,0,0,0,0,0,0,0,0,0,0
"OTU457.g__Glomus",0,0,5,0,0,0,0,1,0,1,0,0,0,0,0,0,0,0,0,0,0,0,0,0,0
"OTU582.g__Glomus",0,0,0,0,0,0,0,0,0,0,0,1,0,0,0,0,0,0,0,0,0,0,0,0,0
"OTU308.g__Glomus",0,0,0,0,0,0,1,0,0,0,0,0,0,0,0,0,0,0,0,0,0,0,0,0,0
"OTU454.g__Paraglomus",0,0,0,0,0,0,0,0,0,0,0,0,0,0,0,0,0,0,0,0,0,0,0,0,0
"OTU319.g__Claroideoglomus",1,0,0,0,0,1,0,0,0,0,0,0,0,0,0,0,0,0,0,0,0,0,0,0,0
"OTU486.g__Claroideoglomus",0,0,0,0,0,0,0,0,0,0,0,2,0,0,0,0,0,0,0,0,0,0,0,0,0
"OTU16.g__Glomus",39,22,159,676,41,29,20,24,254,17,17,18,27,10,43,62,17,11,7,50,2,7,9,4,48
"OTU404.g__Glomus",0,0,90,0,0,0,0,1,0,32,0,2,0,0,0,0,0,0,0,0,0,0,0,0,0
"OTU168.g__Archaeospora",0,0,2,0,0,0,11,0,1,0,0,0,0,0,0,0,0,0,0,0,4,0,0,0,0
"OTU158.g__Paraglomus",0,0,0,4,0,1,0,1,0,0,0,0,0,1,0,0,0,0,0,0,0,0,0,39,0
"OTU21.g__Paraglomus",51,5,26,35,47,43,46,8,57,44,10,27,31,7,14,10,9,28,56,10,2,19,2,17,4
"OTU707.g__Glomus",0,0,0,0,0,0,0,0,0,0,0,0,0,0,0,0,0,1,1,1,0,0,0,0,0
"OTU6.g__Paraglomus",90,78,105,189,119,117,69,74,130,149,70,121,167,51,230,8,10,10,255,570,1079,676,1701,902,896
"OTU381.g__Glomus",0,0,0,0,0,0,0,0,0,0,0,0,0,0,0,0,0,0,0,0,0,0,0,0,0
"OTU273.g__Paraglomus",1,0,0,0,0,3,0,0,0,0,0,0,0,0,1,2,0,0,0,0,1,0,0,0,0
"OTU746.g__Glomus",0,0,0,0,0,0,0,0,0,0,0,0,0,0,0,0,0,0,0,0,0,0,0,0,0
"OTU196.g__Glomus",17,0,0,1,0,0,0,0,0,0,0,0,0,0,0,0,0,0,0,0,0,0,0,0,0
"OTU378.g__Glomus",0,0,0,3,0,0,0,0,0,0,0,0,0,0,0,0,0,0,0,0,1,0,0,0,0
"OTU616.g__Glomus",0,0,0,0,0,0,0,0,0,0,0,0,0,0,0,0,0,0,0,0,0,0,0,0,0
"OTU336.g__Claroideoglomus",0,0,0,0,0,0,1,0,0,0,0,0,0,0,0,0,0,0,0,0,0,0,0,0,0
"OTU368.g__Claroideoglomus",0,0,0,0,0,1,0,0,1,0,0,0,0,0,0,0,0,0,0,0,0,0,0,0,0
"OTU417.g__Glomus",1,0,0,0,0,0,0,0,0,0,0,0,0,0,0,0,0,0,0,0,0,0,0,0,0
"OTU601.g__Archaeospora",0,0,0,0,0,0,0,0,0,0,0,0,0,0,0,0,0,0,0,0,0,0,0,1,0
"OTU119.g__Glomus",1,0,0,1,0,0,0,0,2,0,0,0,0,0,0,31,0,0,1,0,0,0,0,0,0
"OTU88.g__Glomus",6,0,1,1,1,32,7,0,0,31,0,22,29,0,0,14,0,0,3,0,0,0,4,1,0
"OTU121.g__Paraglomus",0,0,0,0,0,1,0,2,3,0,0,0,0,0,0,0,0,0,0,0,0,0,0,0,0
"OTU233.g__Paraglomus",0,0,0,6,0,0,0,0,0,0,0,0,4,0,0,0,0,0,0,0,0,0,0,0,0
"OTU48.g__Diversispora",4,12,2,5,5,0,15,0,2,16,11,114,2,2,17,2,3,1,8,16,4,5,7,10,30
"OTU202.g__Paraglomus",0,0,1,0,1,0,0,0,0,15,0,0,0,0,0,0,0,0,0,0,0,0,0,0,0
"OTU334.g__Paraglomus",0,0,0,0,0,0,0,0,2,0,0,0,0,0,1,0,0,0,0,0,0,0,0,0,0
"OTU648.g__Glomus",0,0,0,0,0,0,0,0,0,0,0,0,0,0,0,0,0,0,1,0,0,0,0,0,0
"OTU405.g__Archaeospora",0,0,0,0,0,0,0,0,0,0,0,0,0,0,0,0,0,0,0,0,0,2,0,0,0
"OTU277.g__Glomus",0,0,0,0,0,0,0,0,0,0,0,0,1,0,0,0,0,8,0,0,0,0,0,0,0
"OTU676.g__Glomus",0,0,0,0,0,0,0,0,0,0,0,0,0,0,0,0,0,0,0,0,0,0,0,0,0
"OTU5.g__Claroideoglomus",163,39,117,57,384,215,126,52,167,160,250,46,42,97,82,330,256,8,45,124,456,152,331,29,18
"OTU523.g__Claroideoglomus",0,0,6,0,0,0,0,0,0,1,0,0,0,0,0,0,0,0,0,0,0,0,0,0,0
"OTU164.g__Glomus",2,0,0,0,1,0,0,1,0,0,0,0,0,0,0,0,0,0,0,0,0,0,0,0,0
"OTU388.g__Archaeospora",0,0,0,0,0,0,0,0,0,0,0,0,0,0,0,0,0,0,0,0,1,0,0,0,0
"OTU234.g__Paraglomus",0,0,0,0,4,0,0,0,0,0,0,1,0,1,0,0,0,0,0,1,0,0,0,0,0
"OTU504.g__Paraglomus",0,0,0,0,0,0,0,0,0,0,0,0,0,0,0,0,0,0,0,0,0,0,0,0,0
"OTU400.g__Glomus",0,0,0,0,1,0,2,0,1,0,0,0,0,0,0,0,0,0,0,0,0,0,0,0,2
"OTU102.g__Glomus",6,0,2,0,0,0,0,0,0,0,0,0,0,2,0,0,0,0,0,0,0,0,0,0,0
"OTU525.g__Paraglomus",0,0,17,2,0,0,0,1,0,10,0,2,0,0,0,0,0,0,0,0,0,0,0,0,0
"OTU349.g__Glomus",0,0,1,0,0,0,0,0,0,3,0,0,0,5,0,0,0,0,0,0,0,0,0,0,1
"OTU711.g__Glomus",0,0,0,0,0,0,0,0,0,0,0,0,0,0,0,0,0,0,0,0,0,0,0,0,1
"OTU123.g__Archaeospora",0,2,1,0,0,1,1,0,0,0,3,1,0,2,0,0,0,0,28,0,0,0,0,0,0
"OTU542.g__Archaeospora",1,0,0,0,0,0,0,0,0,0,0,0,0,0,0,0,0,0,0,0,0,0,0,0,0
"OTU22.g__Glomus",8,14,30,12,46,13,6,18,90,9,4,8,2,6,7,0,2,0,0,2,2,2,0,0,2
"OTU392.g__Glomus",0,0,115,0,0,0,0,2,0,54,0,10,0,0,0,0,0,0,0,0,1,0,0,0,0
"OTU455.g__Glomus",0,0,0,0,0,0,4,0,0,0,0,0,0,0,0,0,0,0,0,0,0,0,0,0,0
"OTU91.g__Claroideoglomus",0,0,1,0,0,0,0,0,3,0,0,0,0,0,1,0,0,0,0,0,0,0,0,0,0
"OTU322.g__Claroideoglomus",0,0,0,2,0,0,0,0,0,1,0,0,0,0,0,0,0,0,1,1,0,0,0,0,0
"OTU291.g__Acaulospora",0,0,0,0,0,0,0,0,0,0,0,0,0,0,0,2,2,2,0,0,0,0,0,0,0
"OTU541.g__Ambispora",0,0,0,1,0,0,0,0,0,0,0,0,0,0,0,0,0,0,0,0,0,0,0,0,0
"OTU29.g__Glomus",24,23,24,39,33,29,12,21,24,12,24,17,21,19,20,120,3,2,5,929,2,3,7,4,4
"OTU269.g__Paraglomus",1,0,1,0,0,0,0,0,0,2,1,0,0,1,0,0,0,0,0,0,0,0,0,0,0
"OTU564.g__Paraglomus",0,0,0,0,0,0,0,0,0,0,0,0,0,0,0,0,0,0,0,0,0,0,1,0,0
"OTU655.g__Paraglomus",0,0,0,1,0,0,0,0,0,0,0,0,0,0,0,0,0,0,0,0,0,0,0,0,0
"OTU8.g__Paraglomus",8,17,18,9,34,280,58,6,35,40,9,5,7,3,46,18,58,2,47,16,73,19,11,11,20
"OTU446.g__Paraglomus",0,0,2,0,0,0,0,0,0,0,0,0,0,0,0,0,0,0,0,0,0,0,0,0,0
"OTU534.g__Glomus",0,0,0,0,0,0,0,0,0,0,0,0,0,0,0,0,0,0,0,0,0,0,0,0,0
"OTU703.g__Glomus",0,0,0,0,0,0,0,0,0,12,0,0,0,0,0,0,0,0,0,0,0,0,0,0,0
"OTU304.g__Glomus",0,0,0,0,0,0,0,0,0,0,0,0,0,0,0,0,0,1,0,0,0,0,0,1,0
"OTU12.g__Glomus",20,6,21,22,54,12,234,9,5,214,3,8,14,3,499,0,1,0,21,4,15,12,8,19,43
"OTU332.g__Glomus",0,0,2,0,0,0,0,0,0,0,0,0,0,0,0,0,0,0,0,0,0,0,0,0,0
"OTU1.g__Glomus",627,1540,684,454,213,346,451,1107,339,105,600,629,307,1502,256,106,155,168,17,642,107,20,85,87,96
"OTU451.g__Glomus",0,0,29,0,0,0,0,0,0,28,0,3,0,0,0,0,0,0,0,0,0,0,0,0,0
"OTU23.g__Glomus",83,2,254,391,11,8,27,98,76,10,9,5,67,3,7,0,0,7,1,3,4,2,0,1,2
"OTU339.g__Archaeospora",0,0,0,0,2,0,0,0,2,0,0,0,0,0,0,0,0,0,0,0,0,0,0,0,0
"OTU666.g__Archaeospora",0,0,0,0,0,0,0,0,0,0,0,0,0,0,2,0,0,0,0,0,0,0,0,0,0
"OTU256.g__Paraglomus",0,0,0,0,0,0,2,1,1,1,0,0,1,0,1,0,0,0,0,0,0,0,0,0,0
"OTU33.g__Glomus",7,9,4,1,5,1,13,1,21,0,0,3,5,1,11,1,0,4,0,1,0,0,0,2,0
"OTU127.g__Archaeospora",10,6,10,19,4,16,15,2,9,7,0,10,2,14,4,5,5,5,43,4,0,0,2,1,3
"OTU154.g__Archaeospora",0,0,0,0,0,0,0,0,0,0,0,0,0,0,0,0,0,0,0,0,0,0,0,0,0
"OTU172.g__Archaeospora",0,0,0,0,0,1,1,0,3,0,0,0,0,0,1,1,0,6,0,0,0,0,0,0,0
"OTU288.g__Archaeospora",0,0,1,0,8,3,0,0,1,0,0,0,0,0,0,1,0,0,0,0,0,0,0,0,0
"OTU353.g__Archaeospora",0,0,1,0,0,0,2,0,0,0,0,0,0,0,0,1,0,0,0,0,0,0,0,0,0
"OTU361.g__Archaeospora",0,3,0,0,0,0,0,0,1,0,0,0,0,0,0,0,0,0,0,0,0,0,0,0,0
"OTU35.g__Claroideoglomus",11,1,14,9,22,27,119,54,7,3,704,3,3,4,3,6,26,0,0,0,2,2,0,0,15
"OTU30.g__Claroideoglomus",10,15,20,19,21,7,6,9,10,5,14,12,14,8,12,2,0,5,4,2,5,111,128,368,80
"OTU92.g__Archaeospora",2,0,1,0,2,2,3,1,0,1,1,0,1,1,1,0,0,0,0,0,0,0,1,1,50
"OTU51.g__Ambispora",6,1,4,9,1,1,4,7,4,5,0,2,3,139,3,8,8,32,42,14,0,8,11,14,8
"OTU70.g__Ambispora",21,24,0,0,0,59,6,3,0,0,0,0,0,1,2,0,0,0,0,1,0,0,0,0,0
"OTU131.g__Ambispora",0,0,1,1,0,9,0,42,0,0,9,0,0,0,1,0,0,0,0,0,0,0,0,0,0
"OTU145.g__Ambispora",20,9,0,0,0,0,0,0,1,0,0,0,0,1,0,0,0,0,0,0,0,0,0,0,0
"OTU691.g__Ambispora",0,0,2,0,0,0,0,0,0,0,0,0,0,0,0,0,0,0,0,0,0,0,0,0,0
"OTU517.g__Paraglomus",0,0,0,0,0,0,0,0,0,0,0,0,0,0,0,0,0,0,0,0,0,0,0,0,0
"OTU520.g__Glomus",0,0,0,0,0,0,0,0,1,0,0,0,0,0,0,0,0,0,0,0,0,0,0,0,0
"OTU41.g__Claroideoglomus",9,11,10,27,10,6,9,14,15,12,12,7,7,6,3,1,3,4,0,1,1,15,3,68,338
"OTU342.g__Glomus",0,0,2,0,0,0,0,0,0,1,0,0,0,0,0,0,0,0,0,0,0,0,0,0,0
"OTU160.g__Paraglomus",0,2,5,0,9,0,1,0,0,0,2,2,0,1,0,0,0,0,0,0,0,3,0,0,0
"OTU487.g__Archaeospora",1,0,0,0,0,1,0,0,0,0,0,0,0,0,0,3,0,0,10,0,0,1,0,0,0
"OTU352.g__Glomus",0,0,3,7,0,0,0,0,3,0,0,0,0,0,0,0,0,0,0,0,0,0,0,0,0
"OTU715.g__Glomus",0,0,0,0,1,0,0,0,0,0,0,1,0,0,0,0,0,0,0,0,0,0,0,0,0
"OTU685.g__Paraglomus",0,0,0,0,0,0,0,0,0,0,0,0,0,0,0,0,0,0,0,0,0,0,0,0,0
"OTU413.g__Glomus",0,0,0,0,0,0,0,0,0,0,0,0,0,0,0,0,0,0,0,0,0,0,0,0,0
"OTU358.g__Glomus",0,0,0,1,0,3,0,0,0,1,0,0,1,0,0,0,0,1,1,0,0,0,0,0,0
"OTU686.g__Glomus",0,0,0,0,0,0,0,0,0,0,0,0,0,0,0,0,0,0,0,0,0,0,0,0,0
"OTU185.g__Paraglomus",0,0,0,0,0,0,0,0,0,0,0,0,0,0,0,0,0,0,0,0,0,0,0,0,0
"OTU226.g__Gigaspora",0,0,0,0,0,3,0,0,7,0,0,0,0,1,0,0,0,0,0,0,0,0,0,0,0
"OTU697.g__Archaeospora",0,0,0,0,0,0,0,0,0,0,0,0,0,0,0,0,0,0,0,0,0,0,0,0,0
"OTU280.g__Glomus",0,0,1,0,0,0,0,0,0,0,0,1,0,0,0,0,0,0,0,1,0,0,0,0,0
"OTU32.g__Glomus",16,11,22,27,22,19,16,15,20,33,13,9,15,10,10,463,612,6,2,3,7,5,3,4,5
"OTU54.g__Diversispora",2,2,1,9,5,2,4,3,1,4,2,3,1,4,3,0,1,1,0,2,2,0,160,1,0
"OTU27.g__Paraglomus",10,10,7,3,11,41,15,60,39,18,5,6,25,4,5,2,1,9,3,2,2,4,0,8,1
"OTU157.g__Paraglomus",25,18,11,23,29,28,26,19,46,11,166,22,15,15,20,42,30,15,105,19,7,19,4,16,6
"OTU278.g__Paraglomus",1,0,15,2,5,1,1,0,13,0,0,2,0,1,0,1,0,1,0,0,0,0,0,1,0
"OTU488.g__Paraglomus",0,0,0,0,0,0,0,0,0,0,0,0,1,0,0,0,0,1,0,0,0,0,0,0,0
"OTU584.g__Paraglomus",5,3,5,8,5,5,7,2,3,8,4,7,2,1,1,2,3,1,12,1,5,2,2,2,47
"OTU611.g__Paraglomus",0,0,8,0,0,0,0,0,0,2,0,0,0,0,0,0,0,0,0,0,0,0,0,0,0
"OTU672.g__Paraglomus",2,0,0,0,0,0,0,0,0,0,0,0,0,0,0,0,0,0,0,0,0,0,0,0,0
"OTU7.g__Paraglomus",149,72,180,98,49,49,61,33,75,36,33,70,40,63,32,20,10,22,88,8,13,43,23,31,21
"OTU46.g__Paraglomus",10,16,7,37,1,9,4,10,20,1,1,4,6,5,1,0,1,0,5,0,0,1,2,1,0
"OTU67.g__Paraglomus",0,0,0,0,0,0,0,0,0,0,0,0,0,0,0,0,0,0,0,0,0,0,0,0,0
"OTU89.g__Paraglomus",0,0,2,0,0,3,1,0,0,0,0,7,5,0,0,0,0,0,0,0,0,1,0,1,0
"OTU163.g__Paraglomus",0,1,3,2,0,0,0,1,0,0,0,0,2,0,1,0,0,7,0,0,0,0,0,0,0
"OTU206.g__Paraglomus",1,0,0,0,1,0,0,0,0,0,0,0,1,0,0,0,2,0,0,0,2,8,0,0,2
"OTU219.g__Paraglomus",0,0,0,1,0,0,0,0,0,1,1,0,1,5,0,1,0,0,0,0,1,2,0,0,0
"OTU223.g__Paraglomus",0,0,1,0,0,0,0,0,0,0,0,0,19,0,0,0,0,0,0,0,0,0,0,0,0
"OTU246.g__Paraglomus",0,0,0,0,0,0,0,0,0,2,0,0,15,0,0,0,0,1,0,0,0,0,0,0,0
"OTU302.g__Paraglomus",0,0,0,0,0,0,2,0,0,0,0,0,0,2,0,0,0,0,0,0,0,0,0,0,0
"OTU383.g__Paraglomus",0,0,0,2,0,0,0,0,0,0,0,0,0,0,0,0,0,0,2,1,0,0,0,0,0
"OTU390.g__Paraglomus",0,0,0,0,0,0,0,0,0,0,0,0,0,0,0,0,0,0,0,0,0,0,0,0,0
"OTU422.g__Paraglomus",0,0,0,0,0,0,0,0,0,0,0,0,0,0,0,0,0,0,0,0,1,0,0,0,0
"OTU463.g__Paraglomus",0,0,0,0,0,0,0,2,0,0,0,0,0,0,0,0,0,0,1,0,1,1,0,0,0
"OTU501.g__Paraglomus",0,0,1,0,0,2,0,0,0,0,0,0,0,0,0,0,0,0,0,0,0,0,0,0,0
"OTU512.g__Paraglomus",0,1,5,0,3,0,0,1,0,0,0,0,1,0,0,0,0,0,1,1,0,0,0,0,0
"OTU570.g__Paraglomus",0,0,1,0,0,0,0,0,0,0,0,2,0,1,0,0,0,0,0,0,0,0,0,0,0
"OTU631.g__Paraglomus",0,0,0,0,0,0,0,0,0,0,0,0,0,1,0,0,0,0,0,0,0,0,0,0,0
"OTU632.g__Paraglomus",0,0,0,0,0,0,0,0,0,0,0,0,0,0,0,0,0,0,0,0,0,0,0,0,0
"OTU689.g__Paraglomus",1,1,0,0,0,0,0,0,0,0,0,0,0,0,1,0,0,1,4,0,0,0,0,2,0
"OTU701.g__Paraglomus",82,14,9,52,13,30,10,10,47,3,15,4,27,13,7,12,5,5,68,3,0,3,3,1,5
"OTU730.g__Glomus",0,0,1,0,0,0,0,0,0,0,0,0,0,0,0,0,0,0,0,0,0,0,0,0,0
"OTU518.g__Paraglomus",0,0,0,0,0,0,0,0,0,0,0,0,0,0,0,0,0,0,0,0,0,0,0,0,0
"OTU683.g__Glomus",0,0,0,0,0,0,0,0,0,0,0,0,0,0,0,0,0,0,0,0,0,0,0,0,0
"OTU82.g__Glomus",12,0,0,10,0,6,5,2,3,4,3,10,1,0,7,3,2,0,4,0,0,0,0,0,2
"OTU143.g__Glomus",0,0,0,5,0,9,1,5,0,0,0,0,0,1,0,0,0,2,2,1,0,0,0,0,0
"OTU330.g__Glomus",0,0,0,0,0,0,0,0,0,0,0,0,0,0,0,0,0,0,0,0,0,0,0,0,0
"OTU577.g__Glomus",0,0,0,0,0,0,0,0,0,1,0,0,0,0,0,0,0,0,0,0,0,0,0,0,0
"OTU402.g__Glomus",0,0,0,0,0,0,0,0,0,0,0,0,0,0,0,0,0,0,0,0,0,0,0,0,0
"OTU627.g__Paraglomus",0,0,0,0,0,0,0,0,0,0,0,0,0,0,0,0,0,1,0,0,0,0,0,0,0
"OTU255.g__Glomus",8,3,4,0,23,4,0,1,1,2,3,2,3,1,1,0,0,2,0,1,10,59,0,2,0
"OTU566.g__Glomus",0,0,0,0,5,0,0,1,0,1,0,1,1,0,0,0,0,0,0,1,2,2,1,4,0
"OTU410.g__Glomus",0,0,0,0,0,0,0,0,0,0,0,0,0,0,0,0,0,0,0,3,0,0,0,0,0
"OTU254.g__Glomus",1,0,0,0,0,0,0,0,0,0,0,0,0,0,0,0,0,0,0,0,0,0,0,0,5
"OTU311.g__Paraglomus",0,0,0,0,0,0,1,0,0,0,0,2,0,0,0,0,0,0,0,0,0,0,0,0,0
"OTU387.g__Paraglomus",0,0,0,0,0,1,0,0,0,0,0,0,0,0,0,0,0,0,0,1,0,0,0,0,0
"OTU427.g__Glomus",1,0,0,0,0,0,0,0,0,0,0,0,0,0,0,0,0,0,0,0,0,0,0,0,0
"OTU110.g__Glomus",2,0,0,0,0,0,0,2,0,0,0,1,0,0,0,0,0,0,4,0,0,43,0,0,0
"OTU221.g__Glomus",0,0,0,0,0,0,1,0,0,0,1,0,5,0,0,0,0,1,0,0,1,1,0,0,0
"OTU310.g__Glomus",0,0,0,0,0,0,0,0,0,0,0,0,0,0,0,0,0,0,0,0,0,0,0,0,0
"OTU61.g__Glomus",34,22,19,0,0,1,3,0,12,1,0,4,7,0,2,0,0,0,0,0,0,1,1,0,0
"OTU65.g__Glomus",9,0,1,5,2,14,7,1,22,1,7,18,3,12,2,37,8,0,1,2,0,39,1,16,5
"OTU78.g__Glomus",27,11,53,28,5,2,48,18,44,2,1,1,5,28,37,0,0,2,0,2,0,0,0,1,0
"OTU105.g__Glomus",1,1,4,4,0,1,1,2,0,2,0,0,1,0,0,46,1,0,26,0,1,1,0,9,6
"OTU147.g__Glomus",1,0,0,0,2,0,0,3,0,0,0,0,0,0,0,0,0,0,0,0,0,0,0,0,0
"OTU183.g__Glomus",0,1,0,1,0,0,0,0,0,0,0,0,2,0,0,5,2,6,4,0,0,1,0,0,0
"OTU207.g__Glomus",0,0,0,0,0,5,0,3,0,1,1,0,1,1,0,0,0,0,22,0,0,0,0,0,0
"OTU211.g__Glomus",1,0,6,0,0,22,5,0,0,2,0,0,0,0,0,0,0,0,0,1,2,0,0,1,0
"OTU235.g__Glomus",22,4,11,0,0,0,3,0,2,0,0,0,3,0,2,0,0,0,0,0,0,0,0,0,0
"OTU267.g__Glomus",0,0,0,1,0,0,0,0,3,0,0,0,0,0,1,1,0,0,7,2,0,1,0,0,0
"OTU289.g__Glomus",0,0,0,0,0,0,0,0,0,0,0,0,2,0,0,0,0,1,0,0,0,0,0,0,0
"OTU372.g__Glomus",0,0,0,0,0,0,0,0,0,0,0,0,0,0,0,0,0,0,0,0,0,0,0,0,0
"OTU573.g__Glomus",0,1,0,0,0,0,0,0,0,0,0,3,0,0,0,0,0,0,0,0,0,0,0,0,0
"OTU579.g__Glomus",0,0,0,0,0,0,0,0,0,0,0,0,0,0,0,0,0,0,1,0,0,0,0,0,0
"OTU586.g__Glomus",1,0,0,0,0,1,0,3,0,0,1,0,0,0,0,0,0,0,0,0,0,0,0,0,1
"OTU591.g__Glomus",0,0,0,0,0,0,0,0,0,0,0,1,0,1,0,0,0,0,0,0,0,0,0,0,0
"OTU653.g__Glomus",1,0,0,0,0,0,0,0,0,0,0,0,0,0,0,0,0,0,0,0,0,0,0,0,0
"OTU680.g__Glomus",0,0,0,4,0,0,0,0,0,0,0,0,1,0,0,0,0,0,0,0,0,0,0,0,0
"OTU26.g__Glomus",12,3,57,15,128,11,15,16,6,5,10,10,7,3,4,3,1,29,15,20,29,2,4,7,6
"OTU15.g__Paraglomus",362,5,7,6,4,173,13,16,54,256,17,44,196,20,6,1,2,1,9,8,7,9,17,7,7
"OTU321.g__Paraglomus",1,0,0,2,0,0,0,0,0,0,0,0,0,0,0,0,0,0,0,0,0,0,0,0,0
"OTU495.g__Paraglomus",0,0,2,0,0,0,0,2,0,2,0,0,0,0,0,0,0,0,0,0,0,0,0,0,0
"OTU658.g__Paraglomus",1,0,0,0,0,0,0,0,0,0,0,0,0,0,0,0,0,0,0,0,0,0,0,0,0
"OTU505.g__Claroideoglomus",0,0,0,5,0,0,0,0,0,0,0,0,0,0,0,0,0,0,0,0,0,0,0,0,0
"OTU436.g__Glomus",0,0,0,0,0,0,4,0,0,0,0,0,0,0,0,0,0,0,0,0,0,0,0,0,0
"OTU554.g__Glomus",0,0,0,0,0,0,0,0,0,0,0,0,0,0,0,0,0,0,0,0,0,0,0,0,0
"OTU708.g__Glomus",7,13,4,7,9,4,3,7,0,1,2,1,4,2,2,45,188,1,1,34,4,0,0,1,1
"OTU155.g__Glomus",0,4,1,2,0,0,0,0,0,0,0,0,0,0,0,0,0,3,0,1,0,0,0,0,0
"OTU39.g__Claroideoglomus",1,3,2,6,31,12,52,1,3,0,2,46,0,0,20,0,0,0,0,0,9,0,2,13,0
"OTU543.g__Glomus",0,0,17,0,0,0,0,0,0,2,0,0,0,0,0,0,0,0,0,0,0,0,0,0,0
"OTU326.g__Paraglomus",4,0,0,1,0,0,0,1,0,0,0,0,1,0,0,0,0,0,0,0,0,0,0,0,0
"OTU398.g__Paraglomus",0,0,0,0,0,0,0,0,0,0,0,0,0,0,0,0,0,0,0,0,0,1,0,0,0
"OTU695.g__Paraglomus",0,0,0,0,0,0,0,0,0,0,0,0,0,0,0,0,0,0,0,0,0,0,0,0,0
"OTU228.g__Glomus",7,7,5,7,9,10,2,12,1,2,8,8,6,3,3,2,1,1,1,2,471,0,0,93,5
"OTU20.g__Paraglomus",38,1,3,12,17,182,11,17,6,154,15,107,56,164,36,15,15,14,15,17,2,22,1,66,15
"OTU49.g__Paraglomus",4,3,3,17,2,17,3,1,4,6,4,2,5,0,2,30,17,5,3,8,19,22,0,21,6
"OTU69.g__Paraglomus",5,0,8,2,0,3,4,2,5,2,0,1,2,0,0,2,0,0,0,44,0,5,0,4,0
"OTU238.g__Paraglomus",0,0,0,0,0,0,0,0,0,0,0,0,0,0,0,2,0,0,0,0,0,0,0,0,1
"OTU262.g__Paraglomus",0,0,1,0,0,0,0,5,0,1,3,0,0,0,5,0,0,0,0,0,0,0,0,0,0
"OTU662.g__Paraglomus",0,0,0,0,0,0,0,0,0,0,0,0,0,0,0,0,0,0,0,0,0,0,0,0,0
"OTU682.g__Paraglomus",0,0,1,0,0,0,0,0,0,0,0,0,0,0,0,0,0,0,0,0,0,0,0,0,0
"OTU677.g__Paraglomus",0,0,10,0,0,0,0,0,0,2,0,1,0,0,0,0,0,0,0,0,0,0,0,0,0
"OTU716.g__Claroideoglomus",0,0,0,0,0,0,0,0,0,0,0,0,0,0,0,0,0,0,0,0,0,0,0,0,0
"OTU702.g__Geosiphon",0,0,0,0,0,0,0,0,0,0,0,0,0,0,0,0,0,0,0,0,0,0,0,0,0
"OTU128.g__Kuklospora",0,0,6,3,0,0,0,0,0,0,0,0,0,0,0,0,0,0,0,0,0,0,0,0,0
"OTU144.g__Kuklospora",0,0,0,0,0,8,0,0,0,0,2,0,0,0,0,2,0,0,0,1,0,0,0,0,0
"OTU203.g__Kuklospora",1,14,0,0,0,0,13,12,0,0,0,0,3,2,5,0,8,1,1,0,0,0,1,0,0
"OTU476.g__Kuklospora",0,0,0,0,0,0,0,0,0,3,0,0,0,0,0,0,0,0,0,0,0,0,0,0,0
